-- MySQL dump 10.13  Distrib 5.7.24, for Linux (x86_64)
--
-- Host: localhost    Database: ebull-production
-- ------------------------------------------------------
-- Server version	5.7.24-0ubuntu0.16.04.1

/*!40101 SET @OLD_CHARACTER_SET_CLIENT=@@CHARACTER_SET_CLIENT */;
/*!40101 SET @OLD_CHARACTER_SET_RESULTS=@@CHARACTER_SET_RESULTS */;
/*!40101 SET @OLD_COLLATION_CONNECTION=@@COLLATION_CONNECTION */;
/*!40101 SET NAMES utf8 */;
/*!40103 SET @OLD_TIME_ZONE=@@TIME_ZONE */;
/*!40103 SET TIME_ZONE='+00:00' */;
/*!40014 SET @OLD_UNIQUE_CHECKS=@@UNIQUE_CHECKS, UNIQUE_CHECKS=0 */;
/*!40014 SET @OLD_FOREIGN_KEY_CHECKS=@@FOREIGN_KEY_CHECKS, FOREIGN_KEY_CHECKS=0 */;
/*!40101 SET @OLD_SQL_MODE=@@SQL_MODE, SQL_MODE='NO_AUTO_VALUE_ON_ZERO' */;
/*!40111 SET @OLD_SQL_NOTES=@@SQL_NOTES, SQL_NOTES=0 */;

--
-- Table structure for table `account_versions`
--

DROP TABLE IF EXISTS `account_versions`;
/*!40101 SET @saved_cs_client     = @@character_set_client */;
/*!40101 SET character_set_client = utf8 */;
CREATE TABLE `account_versions` (
  `id` int(11) NOT NULL AUTO_INCREMENT,
  `member_id` int(11) DEFAULT NULL,
  `account_id` int(11) DEFAULT NULL,
  `reason` int(11) DEFAULT NULL,
  `balance` decimal(32,16) DEFAULT NULL,
  `locked` decimal(32,16) DEFAULT NULL,
  `fee` decimal(32,16) DEFAULT NULL,
  `amount` decimal(32,16) DEFAULT NULL,
  `modifiable_id` int(11) DEFAULT NULL,
  `modifiable_type` varchar(255) COLLATE utf8_unicode_ci DEFAULT NULL,
  `created_at` datetime DEFAULT NULL,
  `updated_at` datetime DEFAULT NULL,
  `currency` int(11) DEFAULT NULL,
  `fun` int(11) DEFAULT NULL,
  PRIMARY KEY (`id`),
  KEY `index_account_versions_on_member_id_and_reason` (`member_id`,`reason`),
  KEY `index_account_versions_on_account_id_and_reason` (`account_id`,`reason`),
  KEY `index_account_versions_on_modifiable_id_and_modifiable_type` (`modifiable_id`,`modifiable_type`),
  KEY `index_account_versions_on_account_id` (`account_id`)
) ENGINE=InnoDB AUTO_INCREMENT=104 DEFAULT CHARSET=utf8 COLLATE=utf8_unicode_ci;
/*!40101 SET character_set_client = @saved_cs_client */;

--
-- Dumping data for table `account_versions`
--

LOCK TABLES `account_versions` WRITE;
/*!40000 ALTER TABLE `account_versions` DISABLE KEYS */;
INSERT INTO `account_versions` VALUES (1,18,9,1000,0.0038917800000000,0.0000000000000000,0.0000000000000000,0.0038917800000000,1,'Deposit','2018-09-03 18:22:52','2018-09-03 18:22:52',2,3),(2,18,9,600,-0.0038917800000000,0.0038917800000000,0.0000000000000000,0.0038917800000000,1,'Order','2018-09-03 18:35:01','2018-09-03 18:35:01',2,2),(3,1,1,1000,500000.0000000000000000,0.0000000000000000,0.0000000000000000,500000.0000000000000000,2,'Deposit','2018-09-03 18:43:56','2018-09-03 18:43:56',1,3),(4,1,1,600,-2023.7256000000000000,2023.7256000000000000,0.0000000000000000,500000.0000000000000000,2,'Order','2018-09-03 18:44:12','2018-09-03 18:44:12',1,2),(5,1,1,120,0.0000000000000000,-2023.7256000000000000,0.0000000000000000,497976.2744000000000000,1,'Trade','2018-09-03 18:44:13','2018-09-03 18:44:13',1,5),(6,1,2,110,0.0038762128800000,0.0000000000000000,0.0000155671200000,0.0038762128800000,1,'Trade','2018-09-03 18:44:13','2018-09-03 18:44:13',2,3),(7,1,2,3000,0.0000155671200000,0.0000000000000000,0.0000000000000000,0.0038917800000000,1,'Trade','2018-09-03 18:44:13','2018-09-03 18:44:13',2,3),(8,18,9,120,0.0000000000000000,-0.0038917800000000,0.0000000000000000,0.0000000000000000,1,'Trade','2018-09-03 18:44:13','2018-09-03 18:44:13',2,5),(9,18,8,110,2017.6544232000000000,0.0000000000000000,6.0711768000000000,2017.6544232000000000,1,'Trade','2018-09-03 18:44:13','2018-09-03 18:44:13',1,3),(10,1,1,3000,6.0711768000000000,0.0000000000000000,0.0000000000000000,497982.3455768000000000,1,'Trade','2018-09-03 18:44:13','2018-09-03 18:44:13',1,3),(11,1,2,600,-0.0038917800000000,0.0038917800000000,0.0000000000000000,0.0038917800000000,3,'Order','2018-09-03 18:46:34','2018-09-03 18:46:34',2,2),(12,18,8,600,-2017.6537500000000000,2017.6537500000000000,0.0000000000000000,2017.6544232000000000,4,'Order','2018-09-03 18:46:56','2018-09-03 18:46:56',1,2),(13,18,8,120,0.0000000000000000,-2017.6537500000000000,0.0000000000000000,0.0006732000000000,2,'Trade','2018-09-03 18:46:56','2018-09-03 18:46:56',1,5),(14,18,9,110,0.0038277774000000,0.0000000000000000,0.0000153726000000,0.0038277774000000,2,'Trade','2018-09-03 18:46:56','2018-09-03 18:46:56',2,3),(15,1,2,3000,0.0000153726000000,0.0000000000000000,0.0000000000000000,0.0039071526000000,2,'Trade','2018-09-03 18:46:56','2018-09-03 18:46:56',2,3),(16,1,2,120,0.0000000000000000,-0.0038431500000000,0.0000000000000000,0.0000640026000000,2,'Trade','2018-09-03 18:46:56','2018-09-03 18:46:56',2,5),(17,1,1,110,2011.6007887500000000,0.0000000000000000,6.0529612500000000,499993.9463655500000000,2,'Trade','2018-09-03 18:46:56','2018-09-03 18:46:56',1,3),(18,1,1,3000,6.0529612500000000,0.0000000000000000,0.0000000000000000,499999.9993268000000000,2,'Trade','2018-09-03 18:46:56','2018-09-03 18:46:56',1,3),(19,1,2,610,0.0000486300000000,-0.0000486300000000,0.0000000000000000,0.0000640026000000,3,'Order','2018-09-03 19:19:38','2018-09-03 19:19:38',2,1),(20,19,15,1000,500000.0000000000000000,0.0000000000000000,0.0000000000000000,500000.0000000000000000,3,'Deposit','2018-09-04 10:12:43','2018-09-04 10:12:43',1,3),(21,18,9,800,-0.0030000000000000,0.0030000000000000,0.0000000000000000,0.0038277774000000,1,'Withdraw','2018-09-05 05:31:53','2018-09-05 05:31:53',2,2),(22,18,9,1000,0.0036436800000000,0.0000000000000000,0.0000000000000000,0.0074714574000000,4,'Deposit','2018-09-05 05:51:05','2018-09-05 05:51:05',2,3),(23,18,9,2000,0.0000000000000000,-0.0030000000000000,0.0000015000000000,0.0044714574000000,1,'Withdraw','2018-09-06 04:07:37','2018-09-06 04:07:37',2,5),(24,1,2,4000,0.0000015000000000,0.0000000000000000,0.0000000000000000,0.0000655026000000,1,'Withdraw','2018-09-06 04:07:37','2018-09-06 04:07:37',2,3),(25,20,22,1000,10000.0000000000000000,0.0000000000000000,0.0000000000000000,10000.0000000000000000,5,'Deposit','2018-09-07 17:04:21','2018-09-07 17:04:21',1,3),(26,18,9,600,-0.0010000000000000,0.0010000000000000,0.0000000000000000,0.0044714574000000,5,'Order','2018-09-07 17:08:24','2018-09-07 17:08:24',2,2),(27,18,9,610,0.0010000000000000,-0.0010000000000000,0.0000000000000000,0.0044714574000000,5,'Order','2018-09-07 17:08:42','2018-09-07 17:08:42',2,1),(28,18,9,600,-0.0010000000000000,0.0010000000000000,0.0000000000000000,0.0044714574000000,6,'Order','2018-09-07 17:09:01','2018-09-07 17:09:01',2,2),(29,20,22,600,-500.0000000000000000,500.0000000000000000,0.0000000000000000,10000.0000000000000000,7,'Order','2018-09-07 17:10:26','2018-09-07 17:10:26',1,2),(30,20,22,120,0.0000000000000000,-500.0000000000000000,0.0000000000000000,9500.0000000000000000,3,'Trade','2018-09-07 17:10:26','2018-09-07 17:10:26',1,5),(31,20,23,110,0.0009960000000000,0.0000000000000000,0.0000040000000000,0.0009960000000000,3,'Trade','2018-09-07 17:10:26','2018-09-07 17:10:26',2,3),(32,1,2,3000,0.0000040000000000,0.0000000000000000,0.0000000000000000,0.0000695026000000,3,'Trade','2018-09-07 17:10:26','2018-09-07 17:10:26',2,3),(33,18,9,120,0.0000000000000000,-0.0010000000000000,0.0000000000000000,0.0034714574000000,3,'Trade','2018-09-07 17:10:26','2018-09-07 17:10:26',2,5),(34,18,8,110,498.5000000000000000,0.0000000000000000,1.5000000000000000,498.5006732000000000,3,'Trade','2018-09-07 17:10:26','2018-09-07 17:10:26',1,3),(35,1,1,3000,1.5000000000000000,0.0000000000000000,0.0000000000000000,500001.4993268000000000,3,'Trade','2018-09-07 17:10:26','2018-09-07 17:10:26',1,3),(36,18,9,600,-0.0034714500000000,0.0034714500000000,0.0000000000000000,0.0034714574000000,8,'Order','2018-09-07 17:14:39','2018-09-07 17:14:39',2,2),(37,18,9,610,0.0034714500000000,-0.0034714500000000,0.0000000000000000,0.0034714574000000,8,'Order','2018-09-07 17:15:45','2018-09-07 17:15:45',2,1),(38,18,8,800,-480.0000000000000000,480.0000000000000000,0.0000000000000000,498.5006732000000000,2,'Withdraw','2018-09-13 20:58:36','2018-09-13 20:58:36',1,2),(39,1,1,600,-50000.0000000000000000,50000.0000000000000000,0.0000000000000000,500001.4993268000000000,9,'Order','2018-09-14 02:29:45','2018-09-14 02:29:45',1,2),(40,1,1,600,-51000.0000000000000000,51000.0000000000000000,0.0000000000000000,500001.4993268000000000,10,'Order','2018-09-14 02:30:05','2018-09-14 02:30:05',1,2),(41,1,1,600,-52000.0000000000000000,52000.0000000000000000,0.0000000000000000,500001.4993268000000000,11,'Order','2018-09-14 02:30:31','2018-09-14 02:30:31',1,2),(42,1,1,600,-53000.0000000000000000,53000.0000000000000000,0.0000000000000000,500001.4993268000000000,12,'Order','2018-09-14 02:30:53','2018-09-14 02:30:53',1,2),(43,1,1,600,-50000.0000000000000000,50000.0000000000000000,0.0000000000000000,500001.4993268000000000,13,'Order','2018-09-14 05:29:30','2018-09-14 05:29:30',1,2),(44,1,1,600,-54000.0000000000000000,54000.0000000000000000,0.0000000000000000,500001.4993268000000000,14,'Order','2018-09-14 05:29:48','2018-09-14 05:29:48',1,2),(45,1,1,600,-56000.0000000000000000,56000.0000000000000000,0.0000000000000000,500001.4993268000000000,15,'Order','2018-09-14 05:30:01','2018-09-14 05:30:01',1,2),(46,1,1,600,-57000.0000000000000000,57000.0000000000000000,0.0000000000000000,500001.4993268000000000,16,'Order','2018-09-14 05:30:13','2018-09-14 05:30:13',1,2),(47,18,9,600,-0.0034714500000000,0.0034714500000000,0.0000000000000000,0.0034714574000000,17,'Order','2018-09-19 17:40:07','2018-09-19 17:40:07',2,2),(48,1,1,120,0.0000000000000000,-1978.7265000000000000,0.0000000000000000,498022.7728268000000000,4,'Trade','2018-09-19 17:40:07','2018-09-19 17:40:07',1,5),(49,1,2,110,0.0034575642000000,0.0000000000000000,0.0000138858000000,0.0035270668000000,4,'Trade','2018-09-19 17:40:07','2018-09-19 17:40:07',2,3),(50,1,2,3000,0.0000138858000000,0.0000000000000000,0.0000000000000000,0.0035409526000000,4,'Trade','2018-09-19 17:40:07','2018-09-19 17:40:07',2,3),(51,18,9,120,0.0000000000000000,-0.0034714500000000,0.0000000000000000,0.0000000074000000,4,'Trade','2018-09-19 17:40:07','2018-09-19 17:40:07',2,5),(52,18,8,110,1972.7903205000000000,0.0000000000000000,5.9361795000000000,2471.2909937000000000,4,'Trade','2018-09-19 17:40:07','2018-09-19 17:40:07',1,3),(53,1,1,3000,5.9361795000000000,0.0000000000000000,0.0000000000000000,498028.7090063000000000,4,'Trade','2018-09-19 17:40:07','2018-09-19 17:40:07',1,3),(54,18,8,600,-1991.2900000000000000,1991.2900000000000000,0.0000000000000000,2471.2909937000000000,18,'Order','2018-09-19 17:40:11','2018-09-19 17:40:11',1,2),(55,1,1,600,-51000.0000000000000000,51000.0000000000000000,0.0000000000000000,498028.7090063000000000,19,'Order','2018-09-19 18:45:47','2018-09-19 18:45:47',1,2),(56,1,1,600,-26007.4350000000000000,26007.4350000000000000,0.0000000000000000,498028.7090063000000000,20,'Order','2018-09-19 18:45:55','2018-09-19 18:45:55',1,2),(57,1,2,600,-0.0035409500000000,0.0035409500000000,0.0000000000000000,0.0035409526000000,21,'Order','2018-09-19 18:45:59','2018-09-19 18:45:59',2,2),(58,18,8,610,1991.2900000000000000,-1991.2900000000000000,0.0000000000000000,2471.2909937000000000,18,'Order','2018-09-21 03:12:16','2018-09-21 03:12:16',1,1),(59,18,8,600,-1991.2880000000000000,1991.2880000000000000,0.0000000000000000,2471.2909937000000000,22,'Order','2018-09-21 03:12:34','2018-09-21 03:12:34',1,2),(60,18,8,120,0.0000000000000000,-1770.4750000000000000,0.0000000000000000,700.8159937000000000,5,'Trade','2018-09-21 03:12:34','2018-09-21 03:12:34',1,5),(61,18,9,110,0.0035267862000000,0.0000000000000000,0.0000141638000000,0.0035267936000000,5,'Trade','2018-09-21 03:12:34','2018-09-21 03:12:34',2,3),(62,1,2,3000,0.0000141638000000,0.0000000000000000,0.0000000000000000,0.0035551164000000,5,'Trade','2018-09-21 03:12:34','2018-09-21 03:12:34',2,3),(63,1,2,120,0.0000000000000000,-0.0035409500000000,0.0000000000000000,0.0000141664000000,5,'Trade','2018-09-21 03:12:34','2018-09-21 03:12:34',2,5),(64,1,1,110,1765.1635750000000000,0.0000000000000000,5.3114250000000000,499793.8725813000000000,5,'Trade','2018-09-21 03:12:34','2018-09-21 03:12:34',1,3),(65,1,1,3000,5.3114250000000000,0.0000000000000000,0.0000000000000000,499799.1840063000000000,5,'Trade','2018-09-21 03:12:34','2018-09-21 03:12:34',1,3),(66,18,8,610,220.8130000000000000,-220.8130000000000000,0.0000000000000000,700.8159937000000000,22,'Order','2018-09-21 03:13:17','2018-09-21 03:13:17',1,1),(67,1,1,610,54000.0000000000000000,-54000.0000000000000000,0.0000000000000000,499799.1840063000000000,14,'Order','2018-09-24 09:05:54','2018-09-24 09:05:54',1,1),(68,1,1,610,26007.4350000000000000,-26007.4350000000000000,0.0000000000000000,499799.1840063000000000,20,'Order','2018-09-24 09:06:19','2018-09-24 09:06:19',1,1),(69,1,1,610,51000.0000000000000000,-51000.0000000000000000,0.0000000000000000,499799.1840063000000000,19,'Order','2018-09-24 09:06:40','2018-09-24 09:06:40',1,1),(70,1,1,610,56000.0000000000000000,-56000.0000000000000000,0.0000000000000000,499799.1840063000000000,15,'Order','2018-09-24 12:01:35','2018-09-24 12:01:35',1,1),(71,1,1,610,50000.0000000000000000,-50000.0000000000000000,0.0000000000000000,499799.1840063000000000,13,'Order','2018-09-24 12:33:50','2018-09-24 12:33:50',1,1),(72,1,1,610,53000.0000000000000000,-53000.0000000000000000,0.0000000000000000,499799.1840063000000000,12,'Order','2018-09-24 12:34:17','2018-09-24 12:34:17',1,1),(73,1,1,610,52000.0000000000000000,-52000.0000000000000000,0.0000000000000000,499799.1840063000000000,11,'Order','2018-09-24 12:34:25','2018-09-24 12:34:25',1,1),(74,1,1,610,51000.0000000000000000,-51000.0000000000000000,0.0000000000000000,499799.1840063000000000,10,'Order','2018-09-24 13:46:39','2018-09-24 13:46:39',1,1),(75,1,1,600,-51000.0000000000000000,51000.0000000000000000,0.0000000000000000,499799.1840063000000000,23,'Order','2018-09-24 13:47:16','2018-09-24 13:47:16',1,2),(76,1,6,1000,21.7500000000000000,0.0000000000000000,0.0000000000000000,21.7500000000000000,6,'Deposit','2018-09-27 16:09:24','2018-09-27 16:09:24',9,3),(77,1,6,600,-1.0000000000000000,1.0000000000000000,0.0000000000000000,21.7500000000000000,24,'Order','2018-09-27 18:24:38','2018-09-27 18:24:38',9,2),(78,1,6,600,-2.0000000000000000,2.0000000000000000,0.0000000000000000,21.7500000000000000,25,'Order','2018-09-27 18:25:15','2018-09-27 18:25:15',9,2),(79,1,1,600,-12.0000000000000000,12.0000000000000000,0.0000000000000000,499799.1840063000000000,26,'Order','2018-09-27 18:26:05','2018-09-27 18:26:05',1,2),(80,1,1,600,-23.0000000000000000,23.0000000000000000,0.0000000000000000,499799.1840063000000000,27,'Order','2018-09-27 18:26:19','2018-09-27 18:26:19',1,2),(81,1,1,600,-50000.0000000000000000,50000.0000000000000000,0.0000000000000000,499799.1840063000000000,28,'Order','2018-10-03 08:17:17','2018-10-03 08:17:17',1,2),(82,1,1,600,-51000.0000000000000000,51000.0000000000000000,0.0000000000000000,499799.1840063000000000,29,'Order','2018-10-03 08:17:32','2018-10-03 08:17:32',1,2),(83,1,1,600,-104000.0000000000000000,104000.0000000000000000,0.0000000000000000,499799.1840063000000000,30,'Order','2018-10-03 08:18:06','2018-10-03 08:18:06',1,2),(84,1,1,600,-106000.0000000000000000,106000.0000000000000000,0.0000000000000000,499799.1840063000000000,31,'Order','2018-10-03 08:18:43','2018-10-03 08:18:43',1,2),(85,1,1,600,-32088.0518000000000000,32088.0518000000000000,0.0000000000000000,499799.1840063000000000,32,'Order','2018-10-03 08:20:06','2018-10-03 08:20:06',1,2),(86,1,1,600,-641.4912000000000000,641.4912000000000000,0.0000000000000000,499799.1840063000000000,33,'Order','2018-10-03 08:20:49','2018-10-03 08:20:49',1,2),(87,1,1,610,50000.0000000000000000,-50000.0000000000000000,0.0000000000000000,499799.1840063000000000,9,'Order','2018-10-03 08:21:33','2018-10-03 08:21:33',1,1),(88,1,1,610,55021.2735000000000000,-55021.2735000000000000,0.0000000000000000,499799.1840063000000000,16,'Order','2018-10-03 08:21:33','2018-10-03 08:21:33',1,1),(89,1,1,610,51000.0000000000000000,-51000.0000000000000000,0.0000000000000000,499799.1840063000000000,23,'Order','2018-10-03 08:21:33','2018-10-03 08:21:33',1,1),(90,1,1,610,50000.0000000000000000,-50000.0000000000000000,0.0000000000000000,499799.1840063000000000,28,'Order','2018-10-03 08:21:33','2018-10-03 08:21:33',1,1),(91,1,1,610,51000.0000000000000000,-51000.0000000000000000,0.0000000000000000,499799.1840063000000000,29,'Order','2018-10-03 08:21:33','2018-10-03 08:21:33',1,1),(92,1,1,610,104000.0000000000000000,-104000.0000000000000000,0.0000000000000000,499799.1840063000000000,30,'Order','2018-10-03 08:21:33','2018-10-03 08:21:33',1,1),(93,1,1,610,106000.0000000000000000,-106000.0000000000000000,0.0000000000000000,499799.1840063000000000,31,'Order','2018-10-03 08:21:33','2018-10-03 08:21:33',1,1),(94,1,1,610,32088.0518000000000000,-32088.0518000000000000,0.0000000000000000,499799.1840063000000000,32,'Order','2018-10-03 08:21:33','2018-10-03 08:21:33',1,1),(95,1,1,610,641.4912000000000000,-641.4912000000000000,0.0000000000000000,499799.1840063000000000,33,'Order','2018-10-03 08:21:33','2018-10-03 08:21:33',1,1),(96,1,1,600,-46012.8064000000000000,46012.8064000000000000,0.0000000000000000,499799.1840063000000000,34,'Order','2018-10-03 08:22:15','2018-10-03 08:22:15',1,2),(97,1,6,610,2.0000000000000000,-2.0000000000000000,0.0000000000000000,21.7500000000000000,25,'Order','2018-10-03 09:23:37','2018-10-03 09:23:37',9,1),(98,1,1,610,12.0000000000000000,-12.0000000000000000,0.0000000000000000,499799.1840063000000000,26,'Order','2018-10-03 09:23:59','2018-10-03 09:23:59',1,1),(99,1,1,610,46012.8064000000000000,-46012.8064000000000000,0.0000000000000000,499799.1840063000000000,34,'Order','2018-10-03 09:55:54','2018-10-03 09:55:54',1,1),(100,1,6,610,1.0000000000000000,-1.0000000000000000,0.0000000000000000,21.7500000000000000,24,'Order','2018-10-03 09:57:40','2018-10-03 09:57:40',9,1),(101,1,1,610,23.0000000000000000,-23.0000000000000000,0.0000000000000000,499799.1840063000000000,27,'Order','2018-10-03 10:00:13','2018-10-03 10:00:13',1,1),(102,18,9,600,-0.0010000000000000,0.0010000000000000,0.0000000000000000,0.0035267936000000,35,'Order','2018-10-15 20:16:41','2018-10-15 20:16:41',2,2),(103,18,9,610,0.0010000000000000,-0.0010000000000000,0.0000000000000000,0.0035267936000000,35,'Order','2018-10-15 20:17:17','2018-10-15 20:17:17',2,1);
/*!40000 ALTER TABLE `account_versions` ENABLE KEYS */;
UNLOCK TABLES;

--
-- Table structure for table `accounts`
--

DROP TABLE IF EXISTS `accounts`;
/*!40101 SET @saved_cs_client     = @@character_set_client */;
/*!40101 SET character_set_client = utf8 */;
CREATE TABLE `accounts` (
  `id` int(11) NOT NULL AUTO_INCREMENT,
  `member_id` int(11) DEFAULT NULL,
  `currency` int(11) DEFAULT NULL,
  `balance` decimal(32,16) DEFAULT NULL,
  `locked` decimal(32,16) DEFAULT NULL,
  `created_at` datetime DEFAULT NULL,
  `updated_at` datetime DEFAULT NULL,
  `in` decimal(32,16) DEFAULT NULL,
  `out` decimal(32,16) DEFAULT NULL,
  `default_withdraw_fund_source_id` int(11) DEFAULT NULL,
  PRIMARY KEY (`id`),
  KEY `index_accounts_on_member_id_and_currency` (`member_id`,`currency`),
  KEY `index_accounts_on_member_id` (`member_id`)
) ENGINE=InnoDB AUTO_INCREMENT=43 DEFAULT CHARSET=utf8 COLLATE=utf8_unicode_ci;
/*!40101 SET character_set_client = @saved_cs_client */;

--
-- Dumping data for table `accounts`
--

LOCK TABLES `accounts` WRITE;
/*!40000 ALTER TABLE `accounts` DISABLE KEYS */;
INSERT INTO `accounts` VALUES (1,1,1,499799.1840063000000000,0.0000000000000000,'2018-08-31 10:49:13','2018-08-31 10:49:13',NULL,NULL,NULL),(2,1,2,0.0000141664000000,0.0000000000000000,'2018-08-31 10:49:13','2018-08-31 10:49:13',NULL,NULL,NULL),(3,1,3,0.0000000000000000,0.0000000000000000,'2018-08-31 10:49:13','2018-08-31 10:49:13',NULL,NULL,NULL),(4,1,5,0.0000000000000000,0.0000000000000000,'2018-08-31 10:49:13','2018-08-31 10:49:13',NULL,NULL,NULL),(5,1,6,0.0000000000000000,0.0000000000000000,'2018-08-31 10:49:13','2018-08-31 10:49:13',NULL,NULL,NULL),(6,1,9,21.7500000000000000,0.0000000000000000,'2018-08-31 10:49:13','2018-08-31 10:49:13',NULL,NULL,NULL),(7,1,12,0.0000000000000000,0.0000000000000000,'2018-08-31 10:49:13','2018-08-31 10:49:13',NULL,NULL,NULL),(8,18,1,220.8159937000000000,480.0000000000000000,'2018-09-03 18:05:12','2018-09-03 18:05:12',NULL,NULL,NULL),(9,18,2,0.0035267936000000,0.0000000000000000,'2018-09-03 18:05:12','2018-09-03 18:05:12',NULL,NULL,NULL),(10,18,3,0.0000000000000000,0.0000000000000000,'2018-09-03 18:05:12','2018-09-03 18:05:12',NULL,NULL,NULL),(11,18,5,0.0000000000000000,0.0000000000000000,'2018-09-03 18:05:12','2018-09-03 18:05:12',NULL,NULL,NULL),(12,18,6,0.0000000000000000,0.0000000000000000,'2018-09-03 18:05:12','2018-09-03 18:05:12',NULL,NULL,NULL),(13,18,9,0.0000000000000000,0.0000000000000000,'2018-09-03 18:05:12','2018-09-03 18:05:12',NULL,NULL,NULL),(14,18,12,0.0000000000000000,0.0000000000000000,'2018-09-03 18:05:12','2018-09-03 18:05:12',NULL,NULL,NULL),(15,19,1,500000.0000000000000000,0.0000000000000000,'2018-09-04 09:41:49','2018-09-04 09:41:49',NULL,NULL,NULL),(16,19,2,0.0000000000000000,0.0000000000000000,'2018-09-04 09:41:49','2018-09-04 09:41:49',NULL,NULL,NULL),(17,19,3,0.0000000000000000,0.0000000000000000,'2018-09-04 09:41:49','2018-09-04 09:41:49',NULL,NULL,NULL),(18,19,5,0.0000000000000000,0.0000000000000000,'2018-09-04 09:41:49','2018-09-04 09:41:49',NULL,NULL,NULL),(19,19,6,0.0000000000000000,0.0000000000000000,'2018-09-04 09:41:49','2018-09-04 09:41:49',NULL,NULL,NULL),(20,19,9,0.0000000000000000,0.0000000000000000,'2018-09-04 09:41:49','2018-09-04 09:41:49',NULL,NULL,NULL),(21,19,12,0.0000000000000000,0.0000000000000000,'2018-09-04 09:41:49','2018-09-04 09:41:49',NULL,NULL,NULL),(22,20,1,9500.0000000000000000,0.0000000000000000,'2018-09-05 06:02:39','2018-09-05 06:02:39',NULL,NULL,NULL),(23,20,2,0.0009960000000000,0.0000000000000000,'2018-09-05 06:02:39','2018-09-05 06:02:39',NULL,NULL,NULL),(24,20,3,0.0000000000000000,0.0000000000000000,'2018-09-05 06:02:39','2018-09-05 06:02:39',NULL,NULL,NULL),(25,20,5,0.0000000000000000,0.0000000000000000,'2018-09-05 06:02:39','2018-09-05 06:02:39',NULL,NULL,NULL),(26,20,6,0.0000000000000000,0.0000000000000000,'2018-09-05 06:02:39','2018-09-05 06:02:39',NULL,NULL,NULL),(27,20,9,0.0000000000000000,0.0000000000000000,'2018-09-05 06:02:39','2018-09-05 06:02:39',NULL,NULL,NULL),(28,20,12,0.0000000000000000,0.0000000000000000,'2018-09-05 06:02:39','2018-09-05 06:02:39',NULL,NULL,NULL),(29,21,1,0.0000000000000000,0.0000000000000000,'2018-09-05 18:28:13','2018-09-05 18:28:13',NULL,NULL,NULL),(30,21,2,0.0000000000000000,0.0000000000000000,'2018-09-05 18:28:13','2018-09-05 18:28:13',NULL,NULL,NULL),(31,21,3,0.0000000000000000,0.0000000000000000,'2018-09-05 18:28:13','2018-09-05 18:28:13',NULL,NULL,NULL),(32,21,5,0.0000000000000000,0.0000000000000000,'2018-09-05 18:28:13','2018-09-05 18:28:13',NULL,NULL,NULL),(33,21,6,0.0000000000000000,0.0000000000000000,'2018-09-05 18:28:13','2018-09-05 18:28:13',NULL,NULL,NULL),(34,21,9,0.0000000000000000,0.0000000000000000,'2018-09-05 18:28:13','2018-09-05 18:28:13',NULL,NULL,NULL),(35,21,12,0.0000000000000000,0.0000000000000000,'2018-09-05 18:28:13','2018-09-05 18:28:13',NULL,NULL,NULL),(36,22,1,0.0000000000000000,0.0000000000000000,'2018-09-24 13:37:46','2018-09-24 13:37:46',NULL,NULL,NULL),(37,22,2,0.0000000000000000,0.0000000000000000,'2018-09-24 13:37:46','2018-09-24 13:37:46',NULL,NULL,NULL),(38,22,3,0.0000000000000000,0.0000000000000000,'2018-09-24 13:37:46','2018-09-24 13:37:46',NULL,NULL,NULL),(39,22,5,0.0000000000000000,0.0000000000000000,'2018-09-24 13:37:46','2018-09-24 13:37:46',NULL,NULL,NULL),(40,22,6,0.0000000000000000,0.0000000000000000,'2018-09-24 13:37:46','2018-09-24 13:37:46',NULL,NULL,NULL),(41,22,9,0.0000000000000000,0.0000000000000000,'2018-09-24 13:37:46','2018-09-24 13:37:46',NULL,NULL,NULL),(42,22,12,0.0000000000000000,0.0000000000000000,'2018-09-24 13:37:46','2018-09-24 13:37:46',NULL,NULL,NULL);
/*!40000 ALTER TABLE `accounts` ENABLE KEYS */;
UNLOCK TABLES;

--
-- Table structure for table `admin_approvals`
--

DROP TABLE IF EXISTS `admin_approvals`;
/*!40101 SET @saved_cs_client     = @@character_set_client */;
/*!40101 SET character_set_client = utf8 */;
CREATE TABLE `admin_approvals` (
  `id` int(11) NOT NULL AUTO_INCREMENT,
  `member_id` int(11) DEFAULT NULL,
  `modifiable_id` int(11) DEFAULT NULL,
  `modifiable_type` varchar(255) COLLATE utf8_unicode_ci DEFAULT NULL,
  `action` varchar(255) COLLATE utf8_unicode_ci DEFAULT NULL,
  `created_at` datetime DEFAULT NULL,
  `updated_at` datetime DEFAULT NULL,
  PRIMARY KEY (`id`)
) ENGINE=InnoDB AUTO_INCREMENT=2 DEFAULT CHARSET=utf8 COLLATE=utf8_unicode_ci;
/*!40101 SET character_set_client = @saved_cs_client */;

--
-- Dumping data for table `admin_approvals`
--

LOCK TABLES `admin_approvals` WRITE;
/*!40000 ALTER TABLE `admin_approvals` DISABLE KEYS */;
INSERT INTO `admin_approvals` VALUES (1,1,1,'Withdraw','accepted','2018-09-06 04:07:34','2018-09-06 04:07:34');
/*!40000 ALTER TABLE `admin_approvals` ENABLE KEYS */;
UNLOCK TABLES;

--
-- Table structure for table `admin_bank_accounts`
--

DROP TABLE IF EXISTS `admin_bank_accounts`;
/*!40101 SET @saved_cs_client     = @@character_set_client */;
/*!40101 SET character_set_client = utf8 */;
CREATE TABLE `admin_bank_accounts` (
  `id` int(11) NOT NULL AUTO_INCREMENT,
  `bank` varchar(255) COLLATE utf8_unicode_ci DEFAULT NULL,
  `branch_name` varchar(255) COLLATE utf8_unicode_ci DEFAULT NULL,
  `account_number` varchar(255) COLLATE utf8_unicode_ci DEFAULT NULL,
  `ifsc_code` varchar(255) COLLATE utf8_unicode_ci DEFAULT NULL,
  `account_holder_name` varchar(255) COLLATE utf8_unicode_ci DEFAULT NULL,
  `status` tinyint(1) DEFAULT '1',
  `created_at` datetime DEFAULT NULL,
  `updated_at` datetime DEFAULT NULL,
  `swift_code` varchar(255) COLLATE utf8_unicode_ci DEFAULT NULL,
  PRIMARY KEY (`id`)
) ENGINE=InnoDB AUTO_INCREMENT=2 DEFAULT CHARSET=utf8 COLLATE=utf8_unicode_ci;
/*!40101 SET character_set_client = @saved_cs_client */;

--
-- Dumping data for table `admin_bank_accounts`
--

LOCK TABLES `admin_bank_accounts` WRITE;
/*!40000 ALTER TABLE `admin_bank_accounts` DISABLE KEYS */;
INSERT INTO `admin_bank_accounts` VALUES (1,'HDFC','test','0000000000000000','test','test',1,'2018-04-27 17:03:23','2018-04-27 17:03:23','test');
/*!40000 ALTER TABLE `admin_bank_accounts` ENABLE KEYS */;
UNLOCK TABLES;

--
-- Table structure for table `api_tokens`
--

DROP TABLE IF EXISTS `api_tokens`;
/*!40101 SET @saved_cs_client     = @@character_set_client */;
/*!40101 SET character_set_client = utf8 */;
CREATE TABLE `api_tokens` (
  `id` int(11) NOT NULL AUTO_INCREMENT,
  `member_id` int(11) NOT NULL,
  `access_key` varchar(50) COLLATE utf8_unicode_ci NOT NULL,
  `secret_key` varchar(50) COLLATE utf8_unicode_ci NOT NULL,
  `created_at` datetime DEFAULT NULL,
  `updated_at` datetime DEFAULT NULL,
  `trusted_ip_list` varchar(255) COLLATE utf8_unicode_ci DEFAULT NULL,
  `label` varchar(255) COLLATE utf8_unicode_ci DEFAULT NULL,
  `oauth_access_token_id` int(11) DEFAULT NULL,
  `expire_at` datetime DEFAULT NULL,
  `scopes` varchar(255) COLLATE utf8_unicode_ci DEFAULT NULL,
  `deleted_at` datetime DEFAULT NULL,
  PRIMARY KEY (`id`),
  UNIQUE KEY `index_api_tokens_on_access_key` (`access_key`),
  UNIQUE KEY `index_api_tokens_on_secret_key` (`secret_key`)
) ENGINE=InnoDB DEFAULT CHARSET=utf8 COLLATE=utf8_unicode_ci;
/*!40101 SET character_set_client = @saved_cs_client */;

--
-- Dumping data for table `api_tokens`
--

LOCK TABLES `api_tokens` WRITE;
/*!40000 ALTER TABLE `api_tokens` DISABLE KEYS */;
/*!40000 ALTER TABLE `api_tokens` ENABLE KEYS */;
UNLOCK TABLES;

--
-- Table structure for table `assets`
--

DROP TABLE IF EXISTS `assets`;
/*!40101 SET @saved_cs_client     = @@character_set_client */;
/*!40101 SET character_set_client = utf8 */;
CREATE TABLE `assets` (
  `id` int(11) NOT NULL AUTO_INCREMENT,
  `type` varchar(255) COLLATE utf8_unicode_ci DEFAULT NULL,
  `attachable_id` int(11) DEFAULT NULL,
  `attachable_type` varchar(255) COLLATE utf8_unicode_ci DEFAULT NULL,
  `file` varchar(255) COLLATE utf8_unicode_ci DEFAULT NULL,
  PRIMARY KEY (`id`)
) ENGINE=InnoDB DEFAULT CHARSET=utf8 COLLATE=utf8_unicode_ci;
/*!40101 SET character_set_client = @saved_cs_client */;

--
-- Dumping data for table `assets`
--

LOCK TABLES `assets` WRITE;
/*!40000 ALTER TABLE `assets` DISABLE KEYS */;
/*!40000 ALTER TABLE `assets` ENABLE KEYS */;
UNLOCK TABLES;

--
-- Table structure for table `audit_logs`
--

DROP TABLE IF EXISTS `audit_logs`;
/*!40101 SET @saved_cs_client     = @@character_set_client */;
/*!40101 SET character_set_client = utf8 */;
CREATE TABLE `audit_logs` (
  `id` int(11) NOT NULL AUTO_INCREMENT,
  `type` varchar(255) COLLATE utf8_unicode_ci DEFAULT NULL,
  `operator_id` int(11) DEFAULT NULL,
  `created_at` datetime DEFAULT NULL,
  `updated_at` datetime DEFAULT NULL,
  `auditable_id` int(11) DEFAULT NULL,
  `auditable_type` varchar(255) COLLATE utf8_unicode_ci DEFAULT NULL,
  `source_state` varchar(255) COLLATE utf8_unicode_ci DEFAULT NULL,
  `target_state` varchar(255) COLLATE utf8_unicode_ci DEFAULT NULL,
  PRIMARY KEY (`id`),
  KEY `index_audit_logs_on_operator_id` (`operator_id`),
  KEY `index_audit_logs_on_auditable_id_and_auditable_type` (`auditable_id`,`auditable_type`)
) ENGINE=InnoDB AUTO_INCREMENT=20 DEFAULT CHARSET=utf8 COLLATE=utf8_unicode_ci;
/*!40101 SET character_set_client = @saved_cs_client */;

--
-- Dumping data for table `audit_logs`
--

LOCK TABLES `audit_logs` WRITE;
/*!40000 ALTER TABLE `audit_logs` DISABLE KEYS */;
INSERT INTO `audit_logs` VALUES (1,'Audit::TransferAuditLog',NULL,'2018-09-03 18:10:03','2018-09-03 18:10:03',1,'Deposit','submitting','submitted'),(2,'Audit::TransferAuditLog',NULL,'2018-09-03 18:22:52','2018-09-03 18:22:52',1,'Deposit','submitted','accepted'),(3,'Audit::TransferAuditLog',NULL,'2018-09-03 18:43:56','2018-09-03 18:43:56',2,'Deposit','submitting','submitted'),(4,'Audit::TransferAuditLog',NULL,'2018-09-03 18:43:56','2018-09-03 18:43:56',2,'Deposit','submitted','accepted'),(5,'Audit::TransferAuditLog',NULL,'2018-09-04 10:12:43','2018-09-04 10:12:43',3,'Deposit','submitting','submitted'),(6,'Audit::TransferAuditLog',NULL,'2018-09-04 10:12:43','2018-09-04 10:12:43',3,'Deposit','submitted','accepted'),(7,'Audit::TransferAuditLog',NULL,'2018-09-05 05:16:45','2018-09-05 05:16:45',4,'Deposit','submitting','submitted'),(8,'Audit::TransferAuditLog',NULL,'2018-09-05 05:31:53','2018-09-05 05:31:53',1,'Withdraw','submitting','submitted'),(9,'Audit::TransferAuditLog',NULL,'2018-09-05 05:31:56','2018-09-05 05:31:56',1,'Withdraw','submitted','accepted'),(10,'Audit::TransferAuditLog',NULL,'2018-09-05 05:51:05','2018-09-05 05:51:05',4,'Deposit','submitted','accepted'),(11,'Audit::TransferAuditLog',NULL,'2018-09-06 04:07:34','2018-09-06 04:07:34',1,'Withdraw','accepted','processing'),(12,'Audit::TransferAuditLog',NULL,'2018-09-06 04:07:37','2018-09-06 04:07:37',1,'Withdraw','processing','almost_done'),(13,'Audit::TransferAuditLog',NULL,'2018-09-06 04:07:37','2018-09-06 04:07:37',1,'Withdraw','almost_done','done'),(14,'Audit::TransferAuditLog',NULL,'2018-09-07 17:04:21','2018-09-07 17:04:21',5,'Deposit','submitting','submitted'),(15,'Audit::TransferAuditLog',NULL,'2018-09-07 17:04:21','2018-09-07 17:04:21',5,'Deposit','submitted','accepted'),(16,'Audit::TransferAuditLog',NULL,'2018-09-13 20:58:36','2018-09-13 20:58:36',2,'Withdraw','submitting','submitted'),(17,'Audit::TransferAuditLog',NULL,'2018-09-13 20:58:41','2018-09-13 20:58:41',2,'Withdraw','submitted','accepted'),(18,'Audit::TransferAuditLog',NULL,'2018-09-27 16:09:21','2018-09-27 16:09:21',6,'Deposit','submitting','submitted'),(19,'Audit::TransferAuditLog',NULL,'2018-09-27 16:09:24','2018-09-27 16:09:24',6,'Deposit','submitted','accepted');
/*!40000 ALTER TABLE `audit_logs` ENABLE KEYS */;
UNLOCK TABLES;

--
-- Table structure for table `authentications`
--

DROP TABLE IF EXISTS `authentications`;
/*!40101 SET @saved_cs_client     = @@character_set_client */;
/*!40101 SET character_set_client = utf8 */;
CREATE TABLE `authentications` (
  `id` int(11) NOT NULL AUTO_INCREMENT,
  `provider` varchar(255) COLLATE utf8_unicode_ci DEFAULT NULL,
  `uid` varchar(255) COLLATE utf8_unicode_ci DEFAULT NULL,
  `token` varchar(255) COLLATE utf8_unicode_ci DEFAULT NULL,
  `secret` varchar(255) COLLATE utf8_unicode_ci DEFAULT NULL,
  `member_id` int(11) DEFAULT NULL,
  `created_at` datetime DEFAULT NULL,
  `updated_at` datetime DEFAULT NULL,
  `nickname` varchar(255) COLLATE utf8_unicode_ci DEFAULT NULL,
  PRIMARY KEY (`id`),
  KEY `index_authentications_on_member_id` (`member_id`),
  KEY `index_authentications_on_provider_and_uid` (`provider`,`uid`)
) ENGINE=InnoDB DEFAULT CHARSET=utf8 COLLATE=utf8_unicode_ci;
/*!40101 SET character_set_client = @saved_cs_client */;

--
-- Dumping data for table `authentications`
--

LOCK TABLES `authentications` WRITE;
/*!40000 ALTER TABLE `authentications` DISABLE KEYS */;
/*!40000 ALTER TABLE `authentications` ENABLE KEYS */;
UNLOCK TABLES;

--
-- Table structure for table `banks`
--

DROP TABLE IF EXISTS `banks`;
/*!40101 SET @saved_cs_client     = @@character_set_client */;
/*!40101 SET character_set_client = utf8 */;
CREATE TABLE `banks` (
  `id` int(11) NOT NULL AUTO_INCREMENT,
  `name` varchar(255) COLLATE utf8_unicode_ci DEFAULT NULL,
  `code` varchar(255) COLLATE utf8_unicode_ci DEFAULT NULL,
  `currency` int(11) DEFAULT NULL,
  `deposit` tinyint(1) DEFAULT NULL,
  `withdraw` tinyint(1) DEFAULT NULL,
  `created_at` datetime DEFAULT NULL,
  `updated_at` datetime DEFAULT NULL,
  PRIMARY KEY (`id`)
) ENGINE=InnoDB AUTO_INCREMENT=5 DEFAULT CHARSET=utf8 COLLATE=utf8_unicode_ci;
/*!40101 SET character_set_client = @saved_cs_client */;

--
-- Dumping data for table `banks`
--

LOCK TABLES `banks` WRITE;
/*!40000 ALTER TABLE `banks` DISABLE KEYS */;
INSERT INTO `banks` VALUES (1,'HDFC','3456',1,1,1,'2018-04-27 11:27:19','2018-04-27 11:27:19'),(2,'ICICI','8765',1,1,1,'2018-04-27 11:27:39','2018-04-27 11:27:39'),(3,'Axis Bank','4560',1,1,1,'2018-06-30 06:00:18','2018-07-20 15:17:22'),(4,'Bandhan Bank','1',1,1,1,'2018-07-20 15:16:58','2018-07-20 15:16:58');
/*!40000 ALTER TABLE `banks` ENABLE KEYS */;
UNLOCK TABLES;

--
-- Table structure for table `buying_selling_prices`
--

DROP TABLE IF EXISTS `buying_selling_prices`;
/*!40101 SET @saved_cs_client     = @@character_set_client */;
/*!40101 SET character_set_client = utf8 */;
CREATE TABLE `buying_selling_prices` (
  `id` int(11) NOT NULL AUTO_INCREMENT,
  `buying_price` decimal(32,16) DEFAULT NULL,
  `selling_price` decimal(32,16) DEFAULT NULL,
  `currency` int(11) DEFAULT NULL,
  `exchange_currency` int(11) DEFAULT NULL,
  `created_at` datetime DEFAULT NULL,
  `updated_at` datetime DEFAULT NULL,
  `fees_type` varchar(255) COLLATE utf8_unicode_ci DEFAULT NULL,
  `sell_fee_type` varchar(255) COLLATE utf8_unicode_ci DEFAULT '-',
  `buy_fee_type` varchar(255) COLLATE utf8_unicode_ci DEFAULT '+',
  PRIMARY KEY (`id`)
) ENGINE=InnoDB DEFAULT CHARSET=utf8 COLLATE=utf8_unicode_ci;
/*!40101 SET character_set_client = @saved_cs_client */;

--
-- Dumping data for table `buying_selling_prices`
--

LOCK TABLES `buying_selling_prices` WRITE;
/*!40000 ALTER TABLE `buying_selling_prices` DISABLE KEYS */;
/*!40000 ALTER TABLE `buying_selling_prices` ENABLE KEYS */;
UNLOCK TABLES;

--
-- Table structure for table `ckeditor_assets`
--

DROP TABLE IF EXISTS `ckeditor_assets`;
/*!40101 SET @saved_cs_client     = @@character_set_client */;
/*!40101 SET character_set_client = utf8 */;
CREATE TABLE `ckeditor_assets` (
  `id` int(11) NOT NULL AUTO_INCREMENT,
  `data_file_name` varchar(255) COLLATE utf8_unicode_ci NOT NULL,
  `data_content_type` varchar(255) COLLATE utf8_unicode_ci DEFAULT NULL,
  `data_file_size` int(11) DEFAULT NULL,
  `type` varchar(30) COLLATE utf8_unicode_ci DEFAULT NULL,
  `width` int(11) DEFAULT NULL,
  `height` int(11) DEFAULT NULL,
  `created_at` datetime NOT NULL,
  `updated_at` datetime NOT NULL,
  PRIMARY KEY (`id`),
  KEY `index_ckeditor_assets_on_type` (`type`)
) ENGINE=InnoDB AUTO_INCREMENT=2 DEFAULT CHARSET=utf8 COLLATE=utf8_unicode_ci;
/*!40101 SET character_set_client = @saved_cs_client */;

--
-- Dumping data for table `ckeditor_assets`
--

LOCK TABLES `ckeditor_assets` WRITE;
/*!40000 ALTER TABLE `ckeditor_assets` DISABLE KEYS */;
INSERT INTO `ckeditor_assets` VALUES (1,'download__1_.jpg','image/jpeg',12674,'Ckeditor::Picture',284,177,'2018-07-03 08:23:57','2018-07-03 08:23:57');
/*!40000 ALTER TABLE `ckeditor_assets` ENABLE KEYS */;
UNLOCK TABLES;

--
-- Table structure for table `coin_exchange_orders`
--

DROP TABLE IF EXISTS `coin_exchange_orders`;
/*!40101 SET @saved_cs_client     = @@character_set_client */;
/*!40101 SET character_set_client = utf8 */;
CREATE TABLE `coin_exchange_orders` (
  `id` int(11) NOT NULL AUTO_INCREMENT,
  `account_id` int(11) DEFAULT NULL,
  `member_id` int(11) DEFAULT NULL,
  `from_currency` int(11) DEFAULT NULL,
  `to_currency` int(11) DEFAULT NULL,
  `price` decimal(32,16) DEFAULT NULL,
  `amount` decimal(32,16) DEFAULT NULL,
  `volume` decimal(32,16) DEFAULT NULL,
  `buying_price` decimal(32,16) DEFAULT NULL,
  `selling_price` decimal(32,16) DEFAULT NULL,
  `aasm_state` varchar(255) COLLATE utf8_unicode_ci DEFAULT NULL,
  `created_at` datetime DEFAULT NULL,
  `updated_at` datetime DEFAULT NULL,
  PRIMARY KEY (`id`)
) ENGINE=InnoDB DEFAULT CHARSET=utf8 COLLATE=utf8_unicode_ci;
/*!40101 SET character_set_client = @saved_cs_client */;

--
-- Dumping data for table `coin_exchange_orders`
--

LOCK TABLES `coin_exchange_orders` WRITE;
/*!40000 ALTER TABLE `coin_exchange_orders` DISABLE KEYS */;
/*!40000 ALTER TABLE `coin_exchange_orders` ENABLE KEYS */;
UNLOCK TABLES;

--
-- Table structure for table `coin_rates`
--

DROP TABLE IF EXISTS `coin_rates`;
/*!40101 SET @saved_cs_client     = @@character_set_client */;
/*!40101 SET character_set_client = utf8 */;
CREATE TABLE `coin_rates` (
  `id` int(11) NOT NULL AUTO_INCREMENT,
  `api` varchar(255) COLLATE utf8_unicode_ci DEFAULT NULL,
  `currency` int(11) DEFAULT NULL,
  `exchange_currency` int(11) DEFAULT NULL,
  `high` decimal(32,16) DEFAULT NULL,
  `high_at` datetime DEFAULT NULL,
  `low` decimal(32,16) DEFAULT NULL,
  `low_at` datetime DEFAULT NULL,
  `created_at` datetime DEFAULT NULL,
  `updated_at` datetime DEFAULT NULL,
  PRIMARY KEY (`id`)
) ENGINE=InnoDB DEFAULT CHARSET=utf8 COLLATE=utf8_unicode_ci;
/*!40101 SET character_set_client = @saved_cs_client */;

--
-- Dumping data for table `coin_rates`
--

LOCK TABLES `coin_rates` WRITE;
/*!40000 ALTER TABLE `coin_rates` DISABLE KEYS */;
/*!40000 ALTER TABLE `coin_rates` ENABLE KEYS */;
UNLOCK TABLES;

--
-- Table structure for table `cold_wallet_addresses`
--

DROP TABLE IF EXISTS `cold_wallet_addresses`;
/*!40101 SET @saved_cs_client     = @@character_set_client */;
/*!40101 SET character_set_client = utf8 */;
CREATE TABLE `cold_wallet_addresses` (
  `id` int(11) NOT NULL AUTO_INCREMENT,
  `currency` int(11) DEFAULT NULL,
  `address` varchar(255) COLLATE utf8_unicode_ci DEFAULT NULL,
  `wallet_name` varchar(255) COLLATE utf8_unicode_ci DEFAULT NULL,
  `created_at` datetime DEFAULT NULL,
  `updated_at` datetime DEFAULT NULL,
  PRIMARY KEY (`id`)
) ENGINE=InnoDB DEFAULT CHARSET=utf8 COLLATE=utf8_unicode_ci;
/*!40101 SET character_set_client = @saved_cs_client */;

--
-- Dumping data for table `cold_wallet_addresses`
--

LOCK TABLES `cold_wallet_addresses` WRITE;
/*!40000 ALTER TABLE `cold_wallet_addresses` DISABLE KEYS */;
/*!40000 ALTER TABLE `cold_wallet_addresses` ENABLE KEYS */;
UNLOCK TABLES;

--
-- Table structure for table `cold_wallet_transactions`
--

DROP TABLE IF EXISTS `cold_wallet_transactions`;
/*!40101 SET @saved_cs_client     = @@character_set_client */;
/*!40101 SET character_set_client = utf8 */;
CREATE TABLE `cold_wallet_transactions` (
  `id` int(11) NOT NULL AUTO_INCREMENT,
  `member_id` int(11) DEFAULT NULL,
  `currency` int(11) DEFAULT NULL,
  `address` varchar(255) COLLATE utf8_unicode_ci DEFAULT NULL,
  `tag` varchar(255) COLLATE utf8_unicode_ci DEFAULT NULL,
  `amount` decimal(32,16) DEFAULT NULL,
  `txid` varchar(255) COLLATE utf8_unicode_ci DEFAULT NULL,
  `confirmations` varchar(255) COLLATE utf8_unicode_ci DEFAULT NULL,
  `transaction_type` varchar(255) COLLATE utf8_unicode_ci DEFAULT NULL,
  `aasm_state` varchar(255) COLLATE utf8_unicode_ci DEFAULT NULL,
  `done_at` datetime DEFAULT NULL,
  `created_at` datetime DEFAULT NULL,
  `updated_at` datetime DEFAULT NULL,
  PRIMARY KEY (`id`)
) ENGINE=InnoDB AUTO_INCREMENT=2 DEFAULT CHARSET=utf8 COLLATE=utf8_unicode_ci;
/*!40101 SET character_set_client = @saved_cs_client */;

--
-- Dumping data for table `cold_wallet_transactions`
--

LOCK TABLES `cold_wallet_transactions` WRITE;
/*!40000 ALTER TABLE `cold_wallet_transactions` DISABLE KEYS */;
INSERT INTO `cold_wallet_transactions` VALUES (1,1,2,'1Pm3NMZBbqXguJQR9e7CRDpuzB3choi2hC','',0.0030000000000000,'f2da315ef8b20a782a22844f254b61e8c56fc4c2ba0c83f2cd1652682a53ad03',NULL,'SEND','done',NULL,'2018-09-03 18:27:09','2018-09-03 18:27:09');
/*!40000 ALTER TABLE `cold_wallet_transactions` ENABLE KEYS */;
UNLOCK TABLES;

--
-- Table structure for table `comments`
--

DROP TABLE IF EXISTS `comments`;
/*!40101 SET @saved_cs_client     = @@character_set_client */;
/*!40101 SET character_set_client = utf8 */;
CREATE TABLE `comments` (
  `id` int(11) NOT NULL AUTO_INCREMENT,
  `content` text COLLATE utf8_unicode_ci,
  `author_id` int(11) DEFAULT NULL,
  `ticket_id` int(11) DEFAULT NULL,
  `created_at` datetime DEFAULT NULL,
  `updated_at` datetime DEFAULT NULL,
  PRIMARY KEY (`id`)
) ENGINE=InnoDB DEFAULT CHARSET=utf8 COLLATE=utf8_unicode_ci;
/*!40101 SET character_set_client = @saved_cs_client */;

--
-- Dumping data for table `comments`
--

LOCK TABLES `comments` WRITE;
/*!40000 ALTER TABLE `comments` DISABLE KEYS */;
/*!40000 ALTER TABLE `comments` ENABLE KEYS */;
UNLOCK TABLES;

--
-- Table structure for table `currency_settings`
--

DROP TABLE IF EXISTS `currency_settings`;
/*!40101 SET @saved_cs_client     = @@character_set_client */;
/*!40101 SET character_set_client = utf8 */;
CREATE TABLE `currency_settings` (
  `id` int(11) NOT NULL AUTO_INCREMENT,
  `currency` int(11) DEFAULT NULL,
  `deposit` tinyint(1) DEFAULT '1',
  `withdraw` tinyint(1) DEFAULT '1',
  `created_at` datetime DEFAULT NULL,
  `updated_at` datetime DEFAULT NULL,
  PRIMARY KEY (`id`)
) ENGINE=InnoDB AUTO_INCREMENT=8 DEFAULT CHARSET=utf8 COLLATE=utf8_unicode_ci;
/*!40101 SET character_set_client = @saved_cs_client */;

--
-- Dumping data for table `currency_settings`
--

LOCK TABLES `currency_settings` WRITE;
/*!40000 ALTER TABLE `currency_settings` DISABLE KEYS */;
INSERT INTO `currency_settings` VALUES (1,1,1,1,'2018-07-12 06:03:05','2018-07-12 06:27:45'),(2,2,1,1,'2018-07-12 06:03:05','2018-09-01 14:54:18'),(3,3,1,1,'2018-07-12 06:03:05','2018-09-24 13:44:53'),(4,5,1,1,'2018-07-12 06:03:05','2018-09-01 14:54:29'),(5,6,1,1,'2018-07-12 06:03:05','2018-09-01 14:54:41'),(6,9,1,1,'2018-07-12 06:03:05','2018-09-24 06:56:12'),(7,12,1,1,'2018-07-12 06:03:05','2018-09-24 13:45:00');
/*!40000 ALTER TABLE `currency_settings` ENABLE KEYS */;
UNLOCK TABLES;

--
-- Table structure for table `database_backups`
--

DROP TABLE IF EXISTS `database_backups`;
/*!40101 SET @saved_cs_client     = @@character_set_client */;
/*!40101 SET character_set_client = utf8 */;
CREATE TABLE `database_backups` (
  `id` int(11) NOT NULL AUTO_INCREMENT,
  `file` varchar(255) COLLATE utf8_unicode_ci DEFAULT NULL,
  `file_type` varchar(255) COLLATE utf8_unicode_ci DEFAULT NULL,
  `created_at` datetime DEFAULT NULL,
  `updated_at` datetime DEFAULT NULL,
  PRIMARY KEY (`id`)
) ENGINE=InnoDB AUTO_INCREMENT=5 DEFAULT CHARSET=utf8 COLLATE=utf8_unicode_ci;
/*!40101 SET character_set_client = @saved_cs_client */;

--
-- Dumping data for table `database_backups`
--

LOCK TABLES `database_backups` WRITE;
/*!40000 ALTER TABLE `database_backups` DISABLE KEYS */;
INSERT INTO `database_backups` VALUES (1,'database-backup-2018-05-04_08:36:55AM.sql','sql','2018-05-04 08:36:55','2018-05-04 08:36:55'),(3,'database-backup-2018-07-04_08:35:44AM.sql','sql','2018-07-04 08:35:45','2018-07-04 08:35:45'),(4,'database-backup-2018-08-31_06:51:04AM.sql','sql','2018-08-31 06:51:05','2018-08-31 06:51:05');
/*!40000 ALTER TABLE `database_backups` ENABLE KEYS */;
UNLOCK TABLES;

--
-- Table structure for table `deposits`
--

DROP TABLE IF EXISTS `deposits`;
/*!40101 SET @saved_cs_client     = @@character_set_client */;
/*!40101 SET character_set_client = utf8 */;
CREATE TABLE `deposits` (
  `id` int(11) NOT NULL AUTO_INCREMENT,
  `account_id` int(11) DEFAULT NULL,
  `member_id` int(11) DEFAULT NULL,
  `currency` int(11) DEFAULT NULL,
  `amount` decimal(32,16) DEFAULT NULL,
  `fee` decimal(32,16) DEFAULT NULL,
  `fund_uid` varchar(255) COLLATE utf8_unicode_ci DEFAULT NULL,
  `fund_extra` varchar(255) COLLATE utf8_unicode_ci DEFAULT NULL,
  `ifsc_code` varchar(255) COLLATE utf8_unicode_ci DEFAULT NULL,
  `account_holder_name` varchar(255) COLLATE utf8_unicode_ci DEFAULT NULL,
  `admin_bank` varchar(255) COLLATE utf8_unicode_ci DEFAULT NULL,
  `admin_branch_name` varchar(255) COLLATE utf8_unicode_ci DEFAULT NULL,
  `admin_account_number` varchar(255) COLLATE utf8_unicode_ci DEFAULT NULL,
  `admin_ifsc_code` varchar(255) COLLATE utf8_unicode_ci DEFAULT NULL,
  `branch_name` varchar(255) COLLATE utf8_unicode_ci DEFAULT NULL,
  `admin_account_holder_name` varchar(255) COLLATE utf8_unicode_ci DEFAULT NULL,
  `txid` varchar(255) COLLATE utf8_unicode_ci DEFAULT NULL,
  `state` int(11) DEFAULT NULL,
  `aasm_state` varchar(255) COLLATE utf8_unicode_ci DEFAULT NULL,
  `created_at` datetime DEFAULT NULL,
  `updated_at` datetime DEFAULT NULL,
  `done_at` datetime DEFAULT NULL,
  `confirmations` varchar(255) COLLATE utf8_unicode_ci DEFAULT NULL,
  `type` varchar(255) COLLATE utf8_unicode_ci DEFAULT NULL,
  `payment_transaction_id` int(11) DEFAULT NULL,
  `txout` int(11) DEFAULT NULL,
  `admin_bank_account_id` int(11) DEFAULT NULL,
  `swift_code` varchar(255) COLLATE utf8_unicode_ci DEFAULT NULL,
  `admin_swift_code` varchar(255) COLLATE utf8_unicode_ci DEFAULT NULL,
  PRIMARY KEY (`id`),
  KEY `index_deposits_on_txid_and_txout` (`txid`,`txout`)
) ENGINE=InnoDB AUTO_INCREMENT=7 DEFAULT CHARSET=utf8 COLLATE=utf8_unicode_ci;
/*!40101 SET character_set_client = @saved_cs_client */;

--
-- Dumping data for table `deposits`
--

LOCK TABLES `deposits` WRITE;
/*!40000 ALTER TABLE `deposits` DISABLE KEYS */;
INSERT INTO `deposits` VALUES (1,9,18,2,0.0038917800000000,0.0000000000000000,NULL,NULL,NULL,NULL,NULL,NULL,NULL,NULL,NULL,NULL,'b821c4cfd200afb76fc007e0652bd1f63dabc850dd50cd9447e609daee15e949',NULL,'accepted','2018-09-03 18:10:03','2018-09-03 18:33:55',NULL,'3','Deposits::Satoshi',1,0,NULL,NULL,NULL),(2,1,1,1,500000.0000000000000000,0.0000000000000000,'51180000166779','HDFC','BDBL0001582','Ravikash Gupat','HDFC','test','0000000000000000','test','Lucknow','test','test',NULL,'accepted','2018-09-03 18:43:28','2018-09-03 18:43:56','2018-09-03 18:43:56',NULL,'Deposits::Bank',NULL,NULL,NULL,'BNDNINCC','test'),(3,15,19,1,500000.0000000000000000,0.0000000000000000,'2235235235235','HDFC','23553','John','HDFC','test','0000000000000000','test','central city','test','re3466jy',NULL,'accepted','2018-09-04 10:11:23','2018-09-04 10:12:43','2018-09-04 10:12:43',NULL,'Deposits::Bank',NULL,NULL,NULL,'235235','test'),(4,9,18,2,0.0036436800000000,0.0000000000000000,NULL,NULL,NULL,NULL,NULL,NULL,NULL,NULL,NULL,NULL,'617a306833529a708dab9818e22b14d54cdf3cb000d38d26e08dd84015d88f7e',NULL,'accepted','2018-09-05 05:16:45','2018-09-05 05:51:05',NULL,'3','Deposits::Satoshi',2,0,NULL,NULL,NULL),(5,22,20,1,10000.0000000000000000,0.0000000000000000,'3F1B54Qo1HxN6ascai362XxGkj4rmWZ45H','HDFC','GFDDGDD','Ravikash','HDFC','test','0000000000000000','test','Singapore','test','test',NULL,'accepted','2018-09-07 17:03:41','2018-09-07 17:04:21','2018-09-07 17:04:21',NULL,'Deposits::Bank',NULL,NULL,NULL,'BNDNINCC','test'),(6,6,1,9,21.7500000000000000,0.0000000000000000,NULL,NULL,NULL,NULL,NULL,NULL,NULL,NULL,NULL,NULL,'BAC3CD5234B54E8EBE4FF8F1EA4B518C57A3377547733A75C0E5F1278CB3A4E9',NULL,'accepted','2018-09-27 16:09:21','2018-09-27 16:09:24',NULL,'2','Deposits::Xrp',3,0,NULL,NULL,NULL);
/*!40000 ALTER TABLE `deposits` ENABLE KEYS */;
UNLOCK TABLES;

--
-- Table structure for table `document_translations`
--

DROP TABLE IF EXISTS `document_translations`;
/*!40101 SET @saved_cs_client     = @@character_set_client */;
/*!40101 SET character_set_client = utf8 */;
CREATE TABLE `document_translations` (
  `id` int(11) NOT NULL AUTO_INCREMENT,
  `document_id` int(11) NOT NULL,
  `locale` varchar(255) COLLATE utf8_unicode_ci NOT NULL,
  `created_at` datetime DEFAULT NULL,
  `updated_at` datetime DEFAULT NULL,
  `title` varchar(255) COLLATE utf8_unicode_ci DEFAULT NULL,
  `body` text COLLATE utf8_unicode_ci,
  `desc` text COLLATE utf8_unicode_ci,
  `keywords` text COLLATE utf8_unicode_ci,
  PRIMARY KEY (`id`),
  KEY `index_document_translations_on_document_id` (`document_id`),
  KEY `index_document_translations_on_locale` (`locale`)
) ENGINE=InnoDB DEFAULT CHARSET=utf8 COLLATE=utf8_unicode_ci;
/*!40101 SET character_set_client = @saved_cs_client */;

--
-- Dumping data for table `document_translations`
--

LOCK TABLES `document_translations` WRITE;
/*!40000 ALTER TABLE `document_translations` DISABLE KEYS */;
/*!40000 ALTER TABLE `document_translations` ENABLE KEYS */;
UNLOCK TABLES;

--
-- Table structure for table `documents`
--

DROP TABLE IF EXISTS `documents`;
/*!40101 SET @saved_cs_client     = @@character_set_client */;
/*!40101 SET character_set_client = utf8 */;
CREATE TABLE `documents` (
  `id` int(11) NOT NULL AUTO_INCREMENT,
  `key` varchar(255) COLLATE utf8_unicode_ci DEFAULT NULL,
  `title` varchar(255) COLLATE utf8_unicode_ci DEFAULT NULL,
  `body` text COLLATE utf8_unicode_ci,
  `is_auth` tinyint(1) DEFAULT NULL,
  `created_at` datetime DEFAULT NULL,
  `updated_at` datetime DEFAULT NULL,
  `desc` text COLLATE utf8_unicode_ci,
  `keywords` text COLLATE utf8_unicode_ci,
  PRIMARY KEY (`id`)
) ENGINE=InnoDB DEFAULT CHARSET=utf8 COLLATE=utf8_unicode_ci;
/*!40101 SET character_set_client = @saved_cs_client */;

--
-- Dumping data for table `documents`
--

LOCK TABLES `documents` WRITE;
/*!40000 ALTER TABLE `documents` DISABLE KEYS */;
/*!40000 ALTER TABLE `documents` ENABLE KEYS */;
UNLOCK TABLES;

--
-- Table structure for table `email_notification_receivers`
--

DROP TABLE IF EXISTS `email_notification_receivers`;
/*!40101 SET @saved_cs_client     = @@character_set_client */;
/*!40101 SET character_set_client = utf8 */;
CREATE TABLE `email_notification_receivers` (
  `id` int(11) NOT NULL AUTO_INCREMENT,
  `email_notification_id` int(11) DEFAULT NULL,
  `member_id` int(11) DEFAULT NULL,
  `created_at` datetime DEFAULT NULL,
  `updated_at` datetime DEFAULT NULL,
  PRIMARY KEY (`id`)
) ENGINE=InnoDB DEFAULT CHARSET=utf8 COLLATE=utf8_unicode_ci;
/*!40101 SET character_set_client = @saved_cs_client */;

--
-- Dumping data for table `email_notification_receivers`
--

LOCK TABLES `email_notification_receivers` WRITE;
/*!40000 ALTER TABLE `email_notification_receivers` DISABLE KEYS */;
/*!40000 ALTER TABLE `email_notification_receivers` ENABLE KEYS */;
UNLOCK TABLES;

--
-- Table structure for table `email_notifications`
--

DROP TABLE IF EXISTS `email_notifications`;
/*!40101 SET @saved_cs_client     = @@character_set_client */;
/*!40101 SET character_set_client = utf8 */;
CREATE TABLE `email_notifications` (
  `id` int(11) NOT NULL AUTO_INCREMENT,
  `subject` varchar(255) COLLATE utf8_unicode_ci DEFAULT NULL,
  `message` text COLLATE utf8_unicode_ci,
  `sender_id` int(11) DEFAULT NULL,
  `created_at` datetime DEFAULT NULL,
  `updated_at` datetime DEFAULT NULL,
  PRIMARY KEY (`id`)
) ENGINE=InnoDB DEFAULT CHARSET=utf8 COLLATE=utf8_unicode_ci;
/*!40101 SET character_set_client = @saved_cs_client */;

--
-- Dumping data for table `email_notifications`
--

LOCK TABLES `email_notifications` WRITE;
/*!40000 ALTER TABLE `email_notifications` DISABLE KEYS */;
/*!40000 ALTER TABLE `email_notifications` ENABLE KEYS */;
UNLOCK TABLES;

--
-- Table structure for table `exchange_api_prices`
--

DROP TABLE IF EXISTS `exchange_api_prices`;
/*!40101 SET @saved_cs_client     = @@character_set_client */;
/*!40101 SET character_set_client = utf8 */;
CREATE TABLE `exchange_api_prices` (
  `id` int(11) NOT NULL AUTO_INCREMENT,
  `exchange_name` varchar(255) COLLATE utf8_unicode_ci DEFAULT NULL,
  `exchange_api` varchar(255) COLLATE utf8_unicode_ci DEFAULT NULL,
  `currency` int(11) DEFAULT NULL,
  `exchange_currency` int(11) DEFAULT NULL,
  `price` decimal(32,16) DEFAULT NULL,
  `created_at` datetime DEFAULT NULL,
  `updated_at` datetime DEFAULT NULL,
  PRIMARY KEY (`id`)
) ENGINE=InnoDB DEFAULT CHARSET=utf8 COLLATE=utf8_unicode_ci;
/*!40101 SET character_set_client = @saved_cs_client */;

--
-- Dumping data for table `exchange_api_prices`
--

LOCK TABLES `exchange_api_prices` WRITE;
/*!40000 ALTER TABLE `exchange_api_prices` DISABLE KEYS */;
/*!40000 ALTER TABLE `exchange_api_prices` ENABLE KEYS */;
UNLOCK TABLES;

--
-- Table structure for table `exchange_orders`
--

DROP TABLE IF EXISTS `exchange_orders`;
/*!40101 SET @saved_cs_client     = @@character_set_client */;
/*!40101 SET character_set_client = utf8 */;
CREATE TABLE `exchange_orders` (
  `id` int(11) NOT NULL AUTO_INCREMENT,
  `account_id` int(11) DEFAULT NULL,
  `member_id` int(11) DEFAULT NULL,
  `from_currency` int(11) DEFAULT NULL,
  `to_currency` int(11) DEFAULT NULL,
  `price` decimal(32,16) DEFAULT NULL,
  `amount` decimal(32,16) DEFAULT NULL,
  `volume` decimal(32,16) DEFAULT NULL,
  `aasm_state` varchar(255) COLLATE utf8_unicode_ci DEFAULT NULL,
  `created_at` datetime DEFAULT NULL,
  `updated_at` datetime DEFAULT NULL,
  `fee` decimal(32,16) DEFAULT NULL,
  `order_type` varchar(255) COLLATE utf8_unicode_ci DEFAULT 'limit',
  `condition` varchar(255) COLLATE utf8_unicode_ci DEFAULT NULL,
  `user_price` decimal(32,16) DEFAULT NULL,
  PRIMARY KEY (`id`)
) ENGINE=InnoDB DEFAULT CHARSET=utf8 COLLATE=utf8_unicode_ci;
/*!40101 SET character_set_client = @saved_cs_client */;

--
-- Dumping data for table `exchange_orders`
--

LOCK TABLES `exchange_orders` WRITE;
/*!40000 ALTER TABLE `exchange_orders` DISABLE KEYS */;
/*!40000 ALTER TABLE `exchange_orders` ENABLE KEYS */;
UNLOCK TABLES;

--
-- Table structure for table `exchange_price_stats`
--

DROP TABLE IF EXISTS `exchange_price_stats`;
/*!40101 SET @saved_cs_client     = @@character_set_client */;
/*!40101 SET character_set_client = utf8 */;
CREATE TABLE `exchange_price_stats` (
  `id` int(11) NOT NULL AUTO_INCREMENT,
  `currency` int(11) DEFAULT NULL,
  `exchange_currency` int(11) DEFAULT NULL,
  `buy_high` decimal(32,16) DEFAULT NULL,
  `buy_high_at` datetime DEFAULT NULL,
  `buy_low` decimal(32,16) DEFAULT NULL,
  `buy_low_at` datetime DEFAULT NULL,
  `sell_high` decimal(32,16) DEFAULT NULL,
  `sell_high_at` datetime DEFAULT NULL,
  `sell_low` decimal(32,16) DEFAULT NULL,
  `sell_low_at` datetime DEFAULT NULL,
  `created_at` datetime DEFAULT NULL,
  `updated_at` datetime DEFAULT NULL,
  PRIMARY KEY (`id`)
) ENGINE=InnoDB DEFAULT CHARSET=utf8 COLLATE=utf8_unicode_ci;
/*!40101 SET character_set_client = @saved_cs_client */;

--
-- Dumping data for table `exchange_price_stats`
--

LOCK TABLES `exchange_price_stats` WRITE;
/*!40000 ALTER TABLE `exchange_price_stats` DISABLE KEYS */;
/*!40000 ALTER TABLE `exchange_price_stats` ENABLE KEYS */;
UNLOCK TABLES;

--
-- Table structure for table `final_exchange_prices`
--

DROP TABLE IF EXISTS `final_exchange_prices`;
/*!40101 SET @saved_cs_client     = @@character_set_client */;
/*!40101 SET character_set_client = utf8 */;
CREATE TABLE `final_exchange_prices` (
  `id` int(11) NOT NULL AUTO_INCREMENT,
  `currency` int(11) DEFAULT NULL,
  `exchange_currency` int(11) DEFAULT NULL,
  `average_price` decimal(32,16) DEFAULT NULL,
  `buying_commission` decimal(32,16) DEFAULT NULL,
  `selling_commission` decimal(32,16) DEFAULT NULL,
  `buying_price` decimal(32,16) DEFAULT NULL,
  `selling_price` decimal(32,16) DEFAULT NULL,
  `created_at` datetime DEFAULT NULL,
  `updated_at` datetime DEFAULT NULL,
  `fees_type` varchar(255) COLLATE utf8_unicode_ci DEFAULT NULL,
  `sell_fee_type` varchar(255) COLLATE utf8_unicode_ci DEFAULT '-',
  `buy_fee_type` varchar(255) COLLATE utf8_unicode_ci DEFAULT '+',
  PRIMARY KEY (`id`)
) ENGINE=InnoDB DEFAULT CHARSET=utf8 COLLATE=utf8_unicode_ci;
/*!40101 SET character_set_client = @saved_cs_client */;

--
-- Dumping data for table `final_exchange_prices`
--

LOCK TABLES `final_exchange_prices` WRITE;
/*!40000 ALTER TABLE `final_exchange_prices` DISABLE KEYS */;
/*!40000 ALTER TABLE `final_exchange_prices` ENABLE KEYS */;
UNLOCK TABLES;

--
-- Table structure for table `fund_sources`
--

DROP TABLE IF EXISTS `fund_sources`;
/*!40101 SET @saved_cs_client     = @@character_set_client */;
/*!40101 SET character_set_client = utf8 */;
CREATE TABLE `fund_sources` (
  `id` int(11) NOT NULL AUTO_INCREMENT,
  `member_id` int(11) DEFAULT NULL,
  `currency` int(11) DEFAULT NULL,
  `extra` varchar(255) COLLATE utf8_unicode_ci DEFAULT NULL,
  `uid` varchar(255) COLLATE utf8_unicode_ci DEFAULT NULL,
  `ifsc_code` varchar(255) COLLATE utf8_unicode_ci DEFAULT NULL,
  `account_holder_name` varchar(255) COLLATE utf8_unicode_ci DEFAULT NULL,
  `branch_name` varchar(255) COLLATE utf8_unicode_ci DEFAULT NULL,
  `document` varchar(255) COLLATE utf8_unicode_ci DEFAULT NULL,
  `is_approved` int(11) DEFAULT NULL,
  `rejection_reason` varchar(1000) COLLATE utf8_unicode_ci DEFAULT NULL,
  `is_locked` tinyint(1) DEFAULT '0',
  `created_at` datetime DEFAULT NULL,
  `updated_at` datetime DEFAULT NULL,
  `deleted_at` datetime DEFAULT NULL,
  `swift_code` varchar(255) COLLATE utf8_unicode_ci DEFAULT NULL,
  PRIMARY KEY (`id`)
) ENGINE=InnoDB AUTO_INCREMENT=9 DEFAULT CHARSET=utf8 COLLATE=utf8_unicode_ci;
/*!40101 SET character_set_client = @saved_cs_client */;

--
-- Dumping data for table `fund_sources`
--

LOCK TABLES `fund_sources` WRITE;
/*!40000 ALTER TABLE `fund_sources` DISABLE KEYS */;
INSERT INTO `fund_sources` VALUES (1,1,1,'HDFC','51180000166779','BDBL0001582','Ravikash Gupat','Lucknow','3580b930-9866-42c6-a68b-8bf12b87ac80.png',0,NULL,0,'2018-09-03 18:40:30','2018-09-03 18:40:30',NULL,'BNDNINCC'),(2,1,2,'My BTC','14T4agPbvHbuqzgFtEPD7Pw6ghy38VyjX1',NULL,NULL,NULL,NULL,NULL,NULL,0,'2018-09-03 18:45:33','2018-09-03 18:45:33',NULL,NULL),(3,18,2,'MY BTC','1Pm3NMZBbqXguJQR9e7CRDpuzB3choi2hC',NULL,NULL,NULL,NULL,NULL,NULL,0,'2018-09-03 18:47:32','2018-09-03 18:47:32',NULL,NULL),(4,19,1,'HDFC','2235235235235','23553','John','central city','b293b83a-d994-4735-8fa1-854093541e5f.jpg',1,NULL,0,'2018-09-04 09:47:44','2018-09-04 10:10:44',NULL,'235235'),(5,18,1,'HDFC','3F1B54Qo1HxN6ascai362XxGkj4rmWZ45H','test','test','test','2c96f284-0588-44cb-9d2c-0dcd49691ab9.png',1,NULL,0,'2018-09-05 05:28:58','2018-09-05 05:29:50',NULL,'test'),(6,19,1,'ICICI','9043lkdfh943kdf','552235','testing again','city center','0b51c232-dff7-418c-b06b-4d0b57e0f688.jpg',0,NULL,0,'2018-09-06 11:02:31','2018-09-06 11:02:31',NULL,'2352'),(7,19,1,'ICICI','9043lkdfh943kdf','552235','testing again','city center','0858273d-46f7-460a-8c01-b2d8e38b92cd.jpg',0,NULL,0,'2018-09-06 11:02:35','2018-09-06 11:03:41','2018-09-06 11:03:41','2352'),(8,20,1,'HDFC','3F1B54Qo1HxN6ascai362XxGkj4rmWZ45H','GFDDGDD','Ravikash','Singapore','9c2c35a2-ace2-4f2c-a46e-2642d2870fe4.png',1,NULL,0,'2018-09-07 16:58:26','2018-09-07 17:00:32',NULL,'BNDNINCC');
/*!40000 ALTER TABLE `fund_sources` ENABLE KEYS */;
UNLOCK TABLES;

--
-- Table structure for table `id_documents`
--

DROP TABLE IF EXISTS `id_documents`;
/*!40101 SET @saved_cs_client     = @@character_set_client */;
/*!40101 SET character_set_client = utf8 */;
CREATE TABLE `id_documents` (
  `id` int(11) NOT NULL AUTO_INCREMENT,
  `id_document_type` int(11) DEFAULT NULL,
  `name` varchar(255) COLLATE utf8_unicode_ci DEFAULT NULL,
  `id_document_number` varchar(255) COLLATE utf8_unicode_ci DEFAULT NULL,
  `member_id` int(11) DEFAULT NULL,
  `created_at` datetime DEFAULT NULL,
  `updated_at` datetime DEFAULT NULL,
  `birth_date` date DEFAULT NULL,
  `address` text COLLATE utf8_unicode_ci,
  `city` varchar(255) COLLATE utf8_unicode_ci DEFAULT NULL,
  `country` varchar(255) COLLATE utf8_unicode_ci DEFAULT NULL,
  `zipcode` varchar(255) COLLATE utf8_unicode_ci DEFAULT NULL,
  `id_bill_type` int(11) DEFAULT NULL,
  `aasm_state` varchar(255) COLLATE utf8_unicode_ci DEFAULT NULL,
  PRIMARY KEY (`id`)
) ENGINE=InnoDB AUTO_INCREMENT=6 DEFAULT CHARSET=utf8 COLLATE=utf8_unicode_ci;
/*!40101 SET character_set_client = @saved_cs_client */;

--
-- Dumping data for table `id_documents`
--

LOCK TABLES `id_documents` WRITE;
/*!40000 ALTER TABLE `id_documents` DISABLE KEYS */;
INSERT INTO `id_documents` VALUES (1,NULL,NULL,NULL,18,'2018-09-03 18:05:12','2018-09-03 18:05:12',NULL,NULL,NULL,NULL,NULL,NULL,'verified'),(2,NULL,NULL,NULL,19,'2018-09-04 09:41:49','2018-09-04 09:41:49',NULL,NULL,NULL,NULL,NULL,NULL,'verified'),(3,NULL,NULL,NULL,20,'2018-09-05 06:02:39','2018-09-05 06:02:39',NULL,NULL,NULL,NULL,NULL,NULL,'verified'),(4,NULL,NULL,NULL,21,'2018-09-05 18:28:13','2018-09-05 18:28:13',NULL,NULL,NULL,NULL,NULL,NULL,'verified'),(5,NULL,NULL,NULL,22,'2018-09-24 13:37:46','2018-09-24 13:37:46',NULL,NULL,NULL,NULL,NULL,NULL,'verified');
/*!40000 ALTER TABLE `id_documents` ENABLE KEYS */;
UNLOCK TABLES;

--
-- Table structure for table `identities`
--

DROP TABLE IF EXISTS `identities`;
/*!40101 SET @saved_cs_client     = @@character_set_client */;
/*!40101 SET character_set_client = utf8 */;
CREATE TABLE `identities` (
  `id` int(11) NOT NULL AUTO_INCREMENT,
  `email` varchar(255) COLLATE utf8_unicode_ci DEFAULT NULL,
  `password_digest` varchar(255) COLLATE utf8_unicode_ci DEFAULT NULL,
  `is_active` tinyint(1) DEFAULT NULL,
  `retry_count` int(11) DEFAULT NULL,
  `is_locked` tinyint(1) DEFAULT NULL,
  `locked_at` datetime DEFAULT NULL,
  `last_verify_at` datetime DEFAULT NULL,
  `created_at` datetime DEFAULT NULL,
  `updated_at` datetime DEFAULT NULL,
  PRIMARY KEY (`id`)
) ENGINE=InnoDB DEFAULT CHARSET=utf8 COLLATE=utf8_unicode_ci;
/*!40101 SET character_set_client = @saved_cs_client */;

--
-- Dumping data for table `identities`
--

LOCK TABLES `identities` WRITE;
/*!40000 ALTER TABLE `identities` DISABLE KEYS */;
/*!40000 ALTER TABLE `identities` ENABLE KEYS */;
UNLOCK TABLES;

--
-- Table structure for table `kyc_documents`
--

DROP TABLE IF EXISTS `kyc_documents`;
/*!40101 SET @saved_cs_client     = @@character_set_client */;
/*!40101 SET character_set_client = utf8 */;
CREATE TABLE `kyc_documents` (
  `id` int(11) NOT NULL AUTO_INCREMENT,
  `member_id` int(11) DEFAULT NULL,
  `file_type` varchar(255) COLLATE utf8_unicode_ci DEFAULT NULL,
  `document` varchar(255) COLLATE utf8_unicode_ci DEFAULT NULL,
  `document_number` varchar(255) COLLATE utf8_unicode_ci DEFAULT NULL,
  `file_name` varchar(255) COLLATE utf8_unicode_ci DEFAULT NULL,
  `file_name_back` varchar(255) COLLATE utf8_unicode_ci DEFAULT NULL,
  `status` int(11) DEFAULT '0',
  `rejection_reason` varchar(1000) COLLATE utf8_unicode_ci DEFAULT NULL,
  `created_at` datetime DEFAULT NULL,
  `updated_at` datetime DEFAULT NULL,
  PRIMARY KEY (`id`)
) ENGINE=InnoDB AUTO_INCREMENT=12 DEFAULT CHARSET=utf8 COLLATE=utf8_unicode_ci;
/*!40101 SET character_set_client = @saved_cs_client */;

--
-- Dumping data for table `kyc_documents`
--

LOCK TABLES `kyc_documents` WRITE;
/*!40000 ALTER TABLE `kyc_documents` DISABLE KEYS */;
INSERT INTO `kyc_documents` VALUES (1,18,'id_proof','National ID','test','78fd1a62-dbd7-4bda-b157-ec89a8b9335d.png','b28aaec5-caa0-4f90-b240-f1b4638359ca.png',1,NULL,'2018-09-03 18:50:30','2018-09-03 18:51:28'),(2,18,'photo','photo',NULL,'63abc548-34eb-4c5b-a562-782e37ae0c55.png',NULL,1,NULL,'2018-09-03 18:50:32','2018-09-03 18:51:20'),(3,18,'tax_proof','Tax ID Number','test','85e3d3b6-6e63-40e4-99f4-2531516ce4fb.png',NULL,1,NULL,'2018-09-03 18:55:04','2018-09-03 18:55:44'),(4,19,'photo','photo',NULL,'5fe0575d-d8cc-4942-bd81-b959aef3aa2e.jpg',NULL,1,NULL,'2018-09-04 10:06:26','2018-09-04 10:09:05'),(5,19,'id_proof','Passport','43634646346','f3aa66e5-e1f5-4006-a3a4-c26d3735ef19.jpg','9badaa28-7628-4edd-8f8f-5ec64cd87240.jpg',1,NULL,'2018-09-04 10:06:45','2018-09-04 10:08:57'),(6,19,'tax_proof','Tax ID Number','346635757','123c7409-29a7-4bb3-9f30-94133de116aa.jpg',NULL,1,NULL,'2018-09-04 10:07:23','2018-09-04 10:10:20'),(7,21,'photo','photo',NULL,'94569961-c602-4c40-9ced-b6cf1d7c40cf.jpg',NULL,0,NULL,'2018-09-05 18:30:58','2018-09-05 18:30:58'),(8,21,'id_proof','National ID','3512060502900001','20463aae-a0de-4fcd-9e4d-e3459ccb5c34.jpg','05ee48e6-f05c-44a3-adab-0be32672930b.jpg',0,NULL,'2018-09-05 18:31:36','2018-09-05 18:31:36'),(9,20,'id_proof','Passport','dsfdfd','c9775381-79ec-4093-8af7-1465764d8bb2.png','80965650-ccb9-465f-9670-390e97692687.png',1,NULL,'2018-09-07 16:57:54','2018-09-07 16:59:55'),(10,20,'tax_proof','Tax ID Number','test','e9c97c7f-a45a-413c-8c20-a1800536cc38.png',NULL,1,NULL,'2018-09-07 17:01:21','2018-09-07 17:01:50'),(11,20,'photo','photo',NULL,'633d926c-488f-44b7-aed3-0ecd67eacab7.png',NULL,1,NULL,'2018-09-07 17:02:40','2018-09-07 17:02:59');
/*!40000 ALTER TABLE `kyc_documents` ENABLE KEYS */;
UNLOCK TABLES;

--
-- Table structure for table `manage_markets`
--

DROP TABLE IF EXISTS `manage_markets`;
/*!40101 SET @saved_cs_client     = @@character_set_client */;
/*!40101 SET character_set_client = utf8 */;
CREATE TABLE `manage_markets` (
  `id` int(11) NOT NULL AUTO_INCREMENT,
  `market` varchar(255) COLLATE utf8_unicode_ci DEFAULT NULL,
  `status` tinyint(1) DEFAULT '1',
  `created_at` datetime DEFAULT NULL,
  `updated_at` datetime DEFAULT NULL,
  PRIMARY KEY (`id`)
) ENGINE=InnoDB AUTO_INCREMENT=37 DEFAULT CHARSET=utf8 COLLATE=utf8_unicode_ci;
/*!40101 SET character_set_client = @saved_cs_client */;

--
-- Dumping data for table `manage_markets`
--

LOCK TABLES `manage_markets` WRITE;
/*!40000 ALTER TABLE `manage_markets` DISABLE KEYS */;
INSERT INTO `manage_markets` VALUES (1,'btcinr',1,'2018-04-27 11:28:30','2018-07-02 08:30:15'),(2,'ltcinr',1,'2018-04-27 11:28:30','2018-07-02 08:30:15'),(3,'ethinr',1,'2018-04-27 11:28:30','2018-07-02 08:30:16'),(4,'bchinr',1,'2018-04-27 11:28:30','2018-07-02 08:30:16'),(5,'xrpinr',1,'2018-04-27 11:28:30','2018-07-02 08:30:17'),(6,'rldinr',0,'2018-04-27 11:28:30','2018-07-02 08:24:36'),(7,'ethbtc',1,'2018-04-27 11:28:30','2018-04-27 11:28:30'),(8,'ltcbtc',1,'2018-04-27 11:28:30','2018-07-02 08:22:47'),(9,'bchbtc',1,'2018-04-27 11:28:30','2018-07-02 08:22:47'),(10,'xrpbtc',1,'2018-04-27 11:28:30','2018-07-02 08:22:47'),(11,'rldbtc',0,'2018-04-27 11:28:30','2018-07-02 08:24:34'),(12,'btceth',1,'2018-04-27 11:28:30','2018-04-27 11:28:30'),(13,'ltceth',1,'2018-04-27 11:28:30','2018-04-27 11:28:30'),(14,'bcheth',1,'2018-04-27 11:28:30','2018-04-27 11:28:30'),(15,'xrpeth',1,'2018-04-27 11:28:30','2018-04-27 11:28:30'),(16,'rldeth',0,'2018-04-27 11:28:30','2018-07-02 08:24:32'),(17,'btcltc',1,'2018-04-27 11:28:30','2018-04-27 11:28:30'),(18,'ethltc',1,'2018-04-27 11:28:30','2018-04-27 11:28:30'),(19,'bchltc',1,'2018-04-27 11:28:30','2018-04-27 11:28:30'),(20,'xrpltc',1,'2018-04-27 11:28:30','2018-04-27 11:28:30'),(21,'rldltc',0,'2018-04-27 11:28:30','2018-07-02 08:24:31'),(22,'btcbch',1,'2018-04-27 11:28:30','2018-04-27 11:28:30'),(23,'ethbch',1,'2018-04-27 11:28:30','2018-04-27 11:28:30'),(24,'ltcbch',1,'2018-04-27 11:28:30','2018-04-27 11:28:30'),(25,'xrpbch',1,'2018-04-27 11:28:30','2018-04-27 11:28:30'),(26,'rldbch',0,'2018-04-27 11:28:30','2018-07-02 08:24:29'),(27,'btcxrp',1,'2018-04-27 11:28:30','2018-04-27 11:28:30'),(28,'ethxrp',1,'2018-04-27 11:28:30','2018-04-27 11:28:30'),(29,'ltcxrp',1,'2018-04-27 11:28:30','2018-04-27 11:28:30'),(30,'bchxrp',1,'2018-04-27 11:28:30','2018-04-27 11:28:30'),(31,'rldxrp',0,'2018-04-27 11:28:30','2018-07-02 08:24:27'),(32,'btcrld',0,'2018-04-27 11:28:30','2018-07-12 20:24:09'),(33,'ethrld',0,'2018-04-27 11:28:30','2018-07-12 20:24:08'),(34,'ltcrld',0,'2018-04-27 11:28:30','2018-07-12 20:24:07'),(35,'bchrld',0,'2018-04-27 11:28:30','2018-07-12 20:24:10'),(36,'xrprld',0,'2018-04-27 11:28:30','2018-07-12 20:24:05');
/*!40000 ALTER TABLE `manage_markets` ENABLE KEYS */;
UNLOCK TABLES;

--
-- Table structure for table `market_fees`
--

DROP TABLE IF EXISTS `market_fees`;
/*!40101 SET @saved_cs_client     = @@character_set_client */;
/*!40101 SET character_set_client = utf8 */;
CREATE TABLE `market_fees` (
  `id` int(11) NOT NULL AUTO_INCREMENT,
  `market` varchar(255) COLLATE utf8_unicode_ci DEFAULT NULL,
  `bid_fee` decimal(32,16) DEFAULT NULL,
  `ask_fee` decimal(32,16) DEFAULT NULL,
  `created_at` datetime DEFAULT NULL,
  `updated_at` datetime DEFAULT NULL,
  `min_order` decimal(32,16) DEFAULT NULL,
  `max_order` decimal(32,16) DEFAULT NULL,
  PRIMARY KEY (`id`)
) ENGINE=InnoDB AUTO_INCREMENT=37 DEFAULT CHARSET=utf8 COLLATE=utf8_unicode_ci;
/*!40101 SET character_set_client = @saved_cs_client */;

--
-- Dumping data for table `market_fees`
--

LOCK TABLES `market_fees` WRITE;
/*!40000 ALTER TABLE `market_fees` DISABLE KEYS */;
INSERT INTO `market_fees` VALUES (1,'btcinr',0.0040000000000000,0.0030000000000000,'2018-05-07 12:50:03','2018-09-03 18:34:49',0.0010000000000000,100.0000000000000000),(2,'ltcinr',0.0200000000000000,0.0300000000000000,'2018-05-07 12:50:03','2018-06-21 09:55:46',0.0100000000000000,50.0000000000000000),(3,'ethinr',0.0200000000000000,0.0300000000000000,'2018-05-07 12:50:03','2018-06-21 09:55:51',0.0100000000000000,50.0000000000000000),(4,'btceth',0.0200000000000000,0.0300000000000000,'2018-05-07 12:50:03','2018-06-21 09:55:55',0.0100000000000000,50.0000000000000000),(5,'ethbtc',0.0200000000000000,0.0300000000000000,'2018-05-07 12:50:03','2018-06-21 09:55:59',0.0100000000000000,50.0000000000000000),(6,'ltcbtc',0.0200000000000000,0.0300000000000000,'2018-05-07 12:50:03','2018-06-21 09:56:03',0.0100000000000000,50.0000000000000000),(7,'btcltc',0.0200000000000000,0.0300000000000000,'2018-05-07 12:50:03','2018-06-21 09:56:08',0.0100000000000000,50.0000000000000000),(8,'ltceth',0.0200000000000000,0.0300000000000000,'2018-05-07 12:50:03','2018-06-21 09:56:12',0.0100000000000000,50.0000000000000000),(9,'ethltc',0.0200000000000000,0.0300000000000000,'2018-05-07 12:50:03','2018-06-21 09:56:16',0.0100000000000000,50.0000000000000000),(10,'bchinr',0.0200000000000000,0.0300000000000000,'2018-05-07 12:50:03','2018-06-21 09:56:20',0.0100000000000000,50.0000000000000000),(11,'btcbch',0.0200000000000000,0.0300000000000000,'2018-05-07 12:50:03','2018-06-21 09:56:25',0.0100000000000000,50.0000000000000000),(12,'bchbtc',0.0200000000000000,0.0300000000000000,'2018-05-07 12:50:03','2018-06-21 09:56:29',0.0100000000000000,50.0000000000000000),(13,'ethbch',0.0200000000000000,0.0300000000000000,'2018-05-07 12:50:03','2018-06-21 09:56:34',0.0100000000000000,50.0000000000000000),(14,'bcheth',0.0200000000000000,0.0300000000000000,'2018-05-07 12:50:03','2018-06-21 09:56:38',0.0100000000000000,50.0000000000000000),(15,'ltcbch',0.0200000000000000,0.0300000000000000,'2018-05-07 12:50:03','2018-06-21 09:56:43',0.0100000000000000,50.0000000000000000),(16,'bchltc',0.0200000000000000,0.0300000000000000,'2018-05-07 12:50:03','2018-06-21 09:56:53',0.0100000000000000,50.0000000000000000),(17,'xrpinr',0.0200000000000000,0.0300000000000000,'2018-05-07 12:50:03','2018-06-21 09:57:03',0.0100000000000000,50.0000000000000000),(18,'btcxrp',0.0200000000000000,0.0300000000000000,'2018-05-07 12:50:03','2018-06-21 09:59:40',0.0100000000000000,50.0000000000000000),(19,'xrpbtc',0.0200000000000000,0.0300000000000000,'2018-05-07 12:50:04','2018-06-21 09:57:06',0.0100000000000000,50.0000000000000000),(20,'ethxrp',0.0200000000000000,0.0300000000000000,'2018-05-07 12:50:04','2018-06-21 09:57:11',0.0100000000000000,50.0000000000000000),(21,'xrpeth',0.0200000000000000,0.0300000000000000,'2018-05-07 12:50:04','2018-06-21 09:57:17',0.0100000000000000,50.0000000000000000),(22,'ltcxrp',0.0200000000000000,0.0300000000000000,'2018-05-07 12:50:04','2018-06-21 09:57:21',0.0100000000000000,50.0000000000000000),(23,'xrpltc',0.0200000000000000,0.0300000000000000,'2018-05-07 12:50:04','2018-06-21 09:57:24',0.0100000000000000,50.0000000000000000),(24,'bchxrp',0.0200000000000000,0.0300000000000000,'2018-05-07 12:50:04','2018-06-21 09:57:28',0.0100000000000000,50.0000000000000000),(25,'xrpbch',0.0200000000000000,0.0300000000000000,'2018-05-07 12:50:04','2018-06-21 09:57:32',0.0100000000000000,50.0000000000000000),(26,'rldinr',0.0200000000000000,0.0300000000000000,'2018-05-07 12:50:04','2018-06-21 09:57:35',0.0100000000000000,50.0000000000000000),(27,'btcrld',0.0200000000000000,0.0300000000000000,'2018-05-07 12:50:04','2018-06-21 09:57:39',0.0100000000000000,50.0000000000000000),(28,'rldbtc',0.0200000000000000,0.0300000000000000,'2018-05-07 12:50:04','2018-06-21 09:57:44',0.0100000000000000,50.0000000000000000),(29,'ethrld',0.0200000000000000,0.0300000000000000,'2018-05-07 12:50:04','2018-06-21 09:57:46',0.0100000000000000,50.0000000000000000),(30,'rldeth',0.0200000000000000,0.0300000000000000,'2018-05-07 12:50:04','2018-06-21 09:57:49',0.0100000000000000,50.0000000000000000),(31,'ltcrld',0.0200000000000000,0.0300000000000000,'2018-05-07 12:50:04','2018-06-21 09:57:55',0.0100000000000000,50.0000000000000000),(32,'rldltc',0.0200000000000000,0.0300000000000000,'2018-05-07 12:50:04','2018-06-21 09:57:59',0.0100000000000000,50.0000000000000000),(33,'bchrld',0.0200000000000000,0.0300000000000000,'2018-05-07 12:50:04','2018-06-21 09:58:03',0.0100000000000000,50.0000000000000000),(34,'rldbch',0.0200000000000000,0.0300000000000000,'2018-05-07 12:50:04','2018-06-21 09:58:07',0.0100000000000000,50.0000000000000000),(35,'xrprld',0.0200000000000000,0.0300000000000000,'2018-05-07 12:50:04','2018-06-21 09:58:10',0.0100000000000000,50.0000000000000000),(36,'rldxrp',0.0200000000000000,0.0300000000000000,'2018-05-07 12:50:04','2018-06-21 09:59:23',0.0100000000000000,50.0000000000000000);
/*!40000 ALTER TABLE `market_fees` ENABLE KEYS */;
UNLOCK TABLES;

--
-- Table structure for table `market_meta`
--

DROP TABLE IF EXISTS `market_meta`;
/*!40101 SET @saved_cs_client     = @@character_set_client */;
/*!40101 SET character_set_client = utf8 */;
CREATE TABLE `market_meta` (
  `id` int(11) NOT NULL AUTO_INCREMENT,
  `market` varchar(255) COLLATE utf8_unicode_ci DEFAULT NULL,
  `meta_title` varchar(500) COLLATE utf8_unicode_ci DEFAULT NULL,
  `meta_keywords` varchar(1000) COLLATE utf8_unicode_ci DEFAULT NULL,
  `meta_description` text COLLATE utf8_unicode_ci,
  `created_at` datetime DEFAULT NULL,
  `updated_at` datetime DEFAULT NULL,
  PRIMARY KEY (`id`)
) ENGINE=InnoDB DEFAULT CHARSET=utf8 COLLATE=utf8_unicode_ci;
/*!40101 SET character_set_client = @saved_cs_client */;

--
-- Dumping data for table `market_meta`
--

LOCK TABLES `market_meta` WRITE;
/*!40000 ALTER TABLE `market_meta` DISABLE KEYS */;
/*!40000 ALTER TABLE `market_meta` ENABLE KEYS */;
UNLOCK TABLES;

--
-- Table structure for table `markets`
--

DROP TABLE IF EXISTS `markets`;
/*!40101 SET @saved_cs_client     = @@character_set_client */;
/*!40101 SET character_set_client = utf8 */;
CREATE TABLE `markets` (
  `id` int(11) NOT NULL AUTO_INCREMENT,
  `name` varchar(255) COLLATE utf8_unicode_ci DEFAULT NULL,
  `code` int(11) DEFAULT NULL,
  `base_unit` varchar(255) COLLATE utf8_unicode_ci DEFAULT NULL,
  `quote_unit` varchar(255) COLLATE utf8_unicode_ci DEFAULT NULL,
  `bid_fee` int(11) DEFAULT NULL,
  `bid_currency` varchar(255) COLLATE utf8_unicode_ci DEFAULT NULL,
  `bid_fixed` int(11) DEFAULT NULL,
  `ask_fee` int(11) DEFAULT NULL,
  `ask_currency` varchar(255) COLLATE utf8_unicode_ci DEFAULT NULL,
  `ask_fixed` int(11) DEFAULT NULL,
  PRIMARY KEY (`id`)
) ENGINE=InnoDB DEFAULT CHARSET=utf8 COLLATE=utf8_unicode_ci;
/*!40101 SET character_set_client = @saved_cs_client */;

--
-- Dumping data for table `markets`
--

LOCK TABLES `markets` WRITE;
/*!40000 ALTER TABLE `markets` DISABLE KEYS */;
/*!40000 ALTER TABLE `markets` ENABLE KEYS */;
UNLOCK TABLES;

--
-- Table structure for table `members`
--

DROP TABLE IF EXISTS `members`;
/*!40101 SET @saved_cs_client     = @@character_set_client */;
/*!40101 SET character_set_client = utf8 */;
CREATE TABLE `members` (
  `id` int(11) NOT NULL AUTO_INCREMENT,
  `sn` varchar(255) COLLATE utf8_unicode_ci DEFAULT NULL,
  `display_name` varchar(255) COLLATE utf8_unicode_ci DEFAULT NULL,
  `email` varchar(255) COLLATE utf8_unicode_ci DEFAULT NULL,
  `identity_id` int(11) DEFAULT NULL,
  `created_at` datetime DEFAULT NULL,
  `updated_at` datetime DEFAULT NULL,
  `state` int(11) DEFAULT NULL,
  `activated` tinyint(1) DEFAULT NULL,
  `country_code` varchar(255) COLLATE utf8_unicode_ci DEFAULT NULL,
  `phone_number` varchar(255) COLLATE utf8_unicode_ci DEFAULT NULL,
  `disabled` tinyint(1) DEFAULT '0',
  `api_disabled` tinyint(1) DEFAULT '0',
  `nickname` varchar(255) COLLATE utf8_unicode_ci DEFAULT NULL,
  `is_document_approved` tinyint(1) DEFAULT '0',
  `phone_code` varchar(255) COLLATE utf8_unicode_ci DEFAULT NULL,
  `first_name` varchar(255) COLLATE utf8_unicode_ci DEFAULT NULL,
  `last_name` varchar(255) COLLATE utf8_unicode_ci DEFAULT NULL,
  `user_type` int(11) DEFAULT '0',
  `admin_role` varchar(1000) COLLATE utf8_unicode_ci DEFAULT NULL,
  `transaction_pin` varchar(255) COLLATE utf8_unicode_ci DEFAULT NULL,
  `encrypted_password` varchar(255) COLLATE utf8_unicode_ci NOT NULL DEFAULT '',
  `reset_password_token` varchar(255) COLLATE utf8_unicode_ci DEFAULT NULL,
  `reset_password_sent_at` datetime DEFAULT NULL,
  `remember_created_at` datetime DEFAULT NULL,
  `sign_in_count` int(11) NOT NULL DEFAULT '0',
  `current_sign_in_at` datetime DEFAULT NULL,
  `last_sign_in_at` datetime DEFAULT NULL,
  `current_sign_in_ip` varchar(255) COLLATE utf8_unicode_ci DEFAULT NULL,
  `last_sign_in_ip` varchar(255) COLLATE utf8_unicode_ci DEFAULT NULL,
  `confirmation_token` varchar(255) COLLATE utf8_unicode_ci DEFAULT NULL,
  `confirmed_at` datetime DEFAULT NULL,
  `confirmation_sent_at` datetime DEFAULT NULL,
  `unconfirmed_email` varchar(255) COLLATE utf8_unicode_ci DEFAULT NULL,
  PRIMARY KEY (`id`),
  UNIQUE KEY `index_members_on_email` (`email`),
  UNIQUE KEY `index_members_on_reset_password_token` (`reset_password_token`)
) ENGINE=InnoDB AUTO_INCREMENT=23 DEFAULT CHARSET=utf8 COLLATE=utf8_unicode_ci;
/*!40101 SET character_set_client = @saved_cs_client */;

--
-- Dumping data for table `members`
--

LOCK TABLES `members` WRITE;
/*!40000 ALTER TABLE `members` DISABLE KEYS */;
INSERT INTO `members` VALUES (1,'PEAHDN6UBGJTIO',NULL,'admin@ebull.com',NULL,'2018-05-04 08:46:40','2018-10-15 20:14:48',NULL,NULL,NULL,'8696550861',0,0,NULL,0,'+91','Super','Admin',1,NULL,NULL,'$2a$10$FdfZICxS1ihpbMrgml4QDedsOn1MePqss7J58uahAprKtAQTZk1aG',NULL,NULL,NULL,651,'2018-10-15 20:12:46','2018-10-15 05:45:57','138.117.96.12','49.249.249.230',NULL,'2018-05-04 08:46:40',NULL,NULL),(18,'PEAZ4XBLQEYTIO',NULL,'ravikaashg@gmail.com',NULL,'2018-09-03 18:05:12','2018-10-16 00:18:51',NULL,NULL,'HN','89031102',0,0,NULL,1,'+504','Ravikash','Gupat',0,NULL,NULL,'$2a$10$Xl9drBeod9OLjcBT.tCgLO3jkDmdiThS4JqI0saeo..YY62hTAOsK',NULL,NULL,'2018-10-15 20:12:33',93,'2018-10-16 00:18:51','2018-10-15 22:52:43','138.117.96.12','138.117.96.12',NULL,'2018-09-03 18:05:12',NULL,NULL),(19,'PEAEZ57XAFJTIO',NULL,'johnisback@mailinator.com',NULL,'2018-09-04 09:41:48','2018-10-03 10:11:42',NULL,NULL,'IN','45645855',0,0,NULL,1,'+91','John','Taylor',0,NULL,NULL,'$2a$10$x6mWusUL03ehFA4mAcK7headtH1CNAL/ReQDubLJJPaVeAjmf7nEK',NULL,NULL,NULL,15,'2018-10-03 10:11:22','2018-10-03 10:11:21','49.249.249.230','49.249.249.230','qQAeB9KcasEcYwVgNz9L','2018-09-04 09:42:02','2018-09-04 09:41:48',NULL),(20,'PEABBHPDQ3TTIO',NULL,'info.viralwork@gmail.com',NULL,'2018-09-05 06:02:38','2018-09-11 12:19:13',NULL,NULL,'HN','88099091',0,0,NULL,1,'+504','Marjorie','Contreras',0,'13,34,16',NULL,'$2a$10$xx73rlt2IINgAXUHZdcC/.KTHqKUSze3O.sOfc52BtG8DyC94pDbm',NULL,NULL,'2018-09-07 16:56:27',5,'2018-09-07 17:09:51','2018-09-07 16:56:51','170.245.59.86','170.245.59.86','4sCB5dwzryzhCBrJQxex','2018-09-05 06:03:59','2018-09-05 06:02:38',NULL),(21,'PEAHFTUMWJWTIO',NULL,'achmadzaini090@gmail.com',NULL,'2018-09-05 18:28:12','2018-09-05 18:29:24',NULL,NULL,'ID','81559635988',0,0,NULL,0,'+62','achmad','zaini',0,NULL,NULL,'$2a$10$RAqecdQVbq502JprdpZWnuYYcZ7cwZS8qLSktfbYZtNznGa1BRY8y',NULL,NULL,'2018-09-05 18:29:23',2,'2018-09-05 18:29:24','2018-09-05 18:29:23','120.188.65.195','120.188.65.195','PA7vk6P7vceRmn8QZ36F','2018-09-05 18:28:57','2018-09-05 18:28:12',NULL),(22,'PEAWJJ65F5XTIO',NULL,'testagain@mailinator.com',NULL,'2018-09-24 13:37:44','2018-09-26 08:42:41',NULL,NULL,'IN','64564654',0,0,NULL,0,'+91','test','1',0,NULL,NULL,'$2a$10$bGnGGKy1pgemu4dWCfDE5.KIbq24XTAYtoemNjEg.7rL3M21PFXg.',NULL,NULL,NULL,10,'2018-09-26 08:42:34','2018-09-26 08:42:33','49.249.249.230','49.249.249.230','zYnTKDL3dRXHRC19KrJV','2018-09-24 13:38:23','2018-09-24 13:37:45',NULL);
/*!40000 ALTER TABLE `members` ENABLE KEYS */;
UNLOCK TABLES;

--
-- Table structure for table `newsletter_subscribers`
--

DROP TABLE IF EXISTS `newsletter_subscribers`;
/*!40101 SET @saved_cs_client     = @@character_set_client */;
/*!40101 SET character_set_client = utf8 */;
CREATE TABLE `newsletter_subscribers` (
  `id` int(11) NOT NULL AUTO_INCREMENT,
  `email` varchar(255) COLLATE utf8_unicode_ci DEFAULT NULL,
  `created_at` datetime DEFAULT NULL,
  `updated_at` datetime DEFAULT NULL,
  PRIMARY KEY (`id`)
) ENGINE=InnoDB DEFAULT CHARSET=utf8 COLLATE=utf8_unicode_ci;
/*!40101 SET character_set_client = @saved_cs_client */;

--
-- Dumping data for table `newsletter_subscribers`
--

LOCK TABLES `newsletter_subscribers` WRITE;
/*!40000 ALTER TABLE `newsletter_subscribers` DISABLE KEYS */;
/*!40000 ALTER TABLE `newsletter_subscribers` ENABLE KEYS */;
UNLOCK TABLES;

--
-- Table structure for table `notification_receivers`
--

DROP TABLE IF EXISTS `notification_receivers`;
/*!40101 SET @saved_cs_client     = @@character_set_client */;
/*!40101 SET character_set_client = utf8 */;
CREATE TABLE `notification_receivers` (
  `id` int(11) NOT NULL AUTO_INCREMENT,
  `notification_id` int(11) DEFAULT NULL,
  `member_id` int(11) DEFAULT NULL,
  `is_read` tinyint(1) DEFAULT '0',
  `deleted_at` datetime DEFAULT NULL,
  `created_at` datetime DEFAULT NULL,
  `updated_at` datetime DEFAULT NULL,
  PRIMARY KEY (`id`)
) ENGINE=InnoDB DEFAULT CHARSET=utf8 COLLATE=utf8_unicode_ci;
/*!40101 SET character_set_client = @saved_cs_client */;

--
-- Dumping data for table `notification_receivers`
--

LOCK TABLES `notification_receivers` WRITE;
/*!40000 ALTER TABLE `notification_receivers` DISABLE KEYS */;
/*!40000 ALTER TABLE `notification_receivers` ENABLE KEYS */;
UNLOCK TABLES;

--
-- Table structure for table `notifications`
--

DROP TABLE IF EXISTS `notifications`;
/*!40101 SET @saved_cs_client     = @@character_set_client */;
/*!40101 SET character_set_client = utf8 */;
CREATE TABLE `notifications` (
  `id` int(11) NOT NULL AUTO_INCREMENT,
  `message` text COLLATE utf8_unicode_ci,
  `sender_id` int(11) DEFAULT NULL,
  `created_at` datetime DEFAULT NULL,
  `updated_at` datetime DEFAULT NULL,
  `notification_type` varchar(255) COLLATE utf8_unicode_ci DEFAULT NULL,
  PRIMARY KEY (`id`)
) ENGINE=InnoDB DEFAULT CHARSET=utf8 COLLATE=utf8_unicode_ci;
/*!40101 SET character_set_client = @saved_cs_client */;

--
-- Dumping data for table `notifications`
--

LOCK TABLES `notifications` WRITE;
/*!40000 ALTER TABLE `notifications` DISABLE KEYS */;
/*!40000 ALTER TABLE `notifications` ENABLE KEYS */;
UNLOCK TABLES;

--
-- Table structure for table `oauth_access_grants`
--

DROP TABLE IF EXISTS `oauth_access_grants`;
/*!40101 SET @saved_cs_client     = @@character_set_client */;
/*!40101 SET character_set_client = utf8 */;
CREATE TABLE `oauth_access_grants` (
  `id` int(11) NOT NULL AUTO_INCREMENT,
  `resource_owner_id` int(11) NOT NULL,
  `application_id` int(11) NOT NULL,
  `token` varchar(255) COLLATE utf8_unicode_ci NOT NULL,
  `expires_in` int(11) NOT NULL,
  `redirect_uri` text COLLATE utf8_unicode_ci NOT NULL,
  `created_at` datetime NOT NULL,
  `revoked_at` datetime DEFAULT NULL,
  `scopes` varchar(255) COLLATE utf8_unicode_ci DEFAULT NULL,
  PRIMARY KEY (`id`),
  UNIQUE KEY `index_oauth_access_grants_on_token` (`token`)
) ENGINE=InnoDB DEFAULT CHARSET=utf8 COLLATE=utf8_unicode_ci;
/*!40101 SET character_set_client = @saved_cs_client */;

--
-- Dumping data for table `oauth_access_grants`
--

LOCK TABLES `oauth_access_grants` WRITE;
/*!40000 ALTER TABLE `oauth_access_grants` DISABLE KEYS */;
/*!40000 ALTER TABLE `oauth_access_grants` ENABLE KEYS */;
UNLOCK TABLES;

--
-- Table structure for table `oauth_access_tokens`
--

DROP TABLE IF EXISTS `oauth_access_tokens`;
/*!40101 SET @saved_cs_client     = @@character_set_client */;
/*!40101 SET character_set_client = utf8 */;
CREATE TABLE `oauth_access_tokens` (
  `id` int(11) NOT NULL AUTO_INCREMENT,
  `resource_owner_id` int(11) DEFAULT NULL,
  `application_id` int(11) DEFAULT NULL,
  `token` varchar(255) COLLATE utf8_unicode_ci NOT NULL,
  `refresh_token` varchar(255) COLLATE utf8_unicode_ci DEFAULT NULL,
  `expires_in` int(11) DEFAULT NULL,
  `revoked_at` datetime DEFAULT NULL,
  `created_at` datetime NOT NULL,
  `scopes` varchar(255) COLLATE utf8_unicode_ci DEFAULT NULL,
  `deleted_at` datetime DEFAULT NULL,
  PRIMARY KEY (`id`),
  UNIQUE KEY `index_oauth_access_tokens_on_token` (`token`),
  UNIQUE KEY `index_oauth_access_tokens_on_refresh_token` (`refresh_token`),
  KEY `index_oauth_access_tokens_on_resource_owner_id` (`resource_owner_id`)
) ENGINE=InnoDB DEFAULT CHARSET=utf8 COLLATE=utf8_unicode_ci;
/*!40101 SET character_set_client = @saved_cs_client */;

--
-- Dumping data for table `oauth_access_tokens`
--

LOCK TABLES `oauth_access_tokens` WRITE;
/*!40000 ALTER TABLE `oauth_access_tokens` DISABLE KEYS */;
/*!40000 ALTER TABLE `oauth_access_tokens` ENABLE KEYS */;
UNLOCK TABLES;

--
-- Table structure for table `oauth_applications`
--

DROP TABLE IF EXISTS `oauth_applications`;
/*!40101 SET @saved_cs_client     = @@character_set_client */;
/*!40101 SET character_set_client = utf8 */;
CREATE TABLE `oauth_applications` (
  `id` int(11) NOT NULL AUTO_INCREMENT,
  `name` varchar(255) COLLATE utf8_unicode_ci NOT NULL,
  `uid` varchar(255) COLLATE utf8_unicode_ci NOT NULL,
  `secret` varchar(255) COLLATE utf8_unicode_ci NOT NULL,
  `redirect_uri` text COLLATE utf8_unicode_ci NOT NULL,
  `created_at` datetime DEFAULT NULL,
  `updated_at` datetime DEFAULT NULL,
  PRIMARY KEY (`id`),
  UNIQUE KEY `index_oauth_applications_on_uid` (`uid`)
) ENGINE=InnoDB DEFAULT CHARSET=utf8 COLLATE=utf8_unicode_ci;
/*!40101 SET character_set_client = @saved_cs_client */;

--
-- Dumping data for table `oauth_applications`
--

LOCK TABLES `oauth_applications` WRITE;
/*!40000 ALTER TABLE `oauth_applications` DISABLE KEYS */;
/*!40000 ALTER TABLE `oauth_applications` ENABLE KEYS */;
UNLOCK TABLES;

--
-- Table structure for table `orders`
--

DROP TABLE IF EXISTS `orders`;
/*!40101 SET @saved_cs_client     = @@character_set_client */;
/*!40101 SET character_set_client = utf8 */;
CREATE TABLE `orders` (
  `id` int(11) NOT NULL AUTO_INCREMENT,
  `bid` int(11) DEFAULT NULL,
  `ask` int(11) DEFAULT NULL,
  `currency` int(11) DEFAULT NULL,
  `price` decimal(32,16) DEFAULT NULL,
  `volume` decimal(32,16) DEFAULT NULL,
  `origin_volume` decimal(32,16) DEFAULT NULL,
  `state` int(11) DEFAULT NULL,
  `done_at` datetime DEFAULT NULL,
  `type` varchar(8) COLLATE utf8_unicode_ci DEFAULT NULL,
  `member_id` int(11) DEFAULT NULL,
  `created_at` datetime DEFAULT NULL,
  `updated_at` datetime DEFAULT NULL,
  `sn` varchar(255) COLLATE utf8_unicode_ci DEFAULT NULL,
  `source` varchar(255) COLLATE utf8_unicode_ci NOT NULL,
  `ord_type` varchar(10) COLLATE utf8_unicode_ci DEFAULT NULL,
  `locked` decimal(32,16) DEFAULT NULL,
  `origin_locked` decimal(32,16) DEFAULT NULL,
  `funds_received` decimal(32,16) DEFAULT '0.0000000000000000',
  `trades_count` int(11) DEFAULT '0',
  PRIMARY KEY (`id`),
  KEY `index_orders_on_member_id` (`member_id`) USING BTREE,
  KEY `index_orders_on_currency_and_state` (`currency`,`state`) USING BTREE,
  KEY `index_orders_on_state` (`state`),
  KEY `index_orders_on_member_id_and_state` (`member_id`,`state`)
) ENGINE=InnoDB AUTO_INCREMENT=36 DEFAULT CHARSET=utf8 COLLATE=utf8_unicode_ci;
/*!40101 SET character_set_client = @saved_cs_client */;

--
-- Dumping data for table `orders`
--

LOCK TABLES `orders` WRITE;
/*!40000 ALTER TABLE `orders` DISABLE KEYS */;
INSERT INTO `orders` VALUES (1,1,2,3,520000.0000000000000000,0.0000000000000000,0.0038917800000000,200,NULL,'OrderAsk',18,'2018-09-03 18:35:01','2018-09-03 18:44:13',NULL,'Web','limit',0.0000000000000000,0.0038917800000000,2023.7256000000000000,1),(2,1,2,3,520000.0000000000000000,0.0000000000000000,0.0038917800000000,200,NULL,'OrderBid',1,'2018-09-03 18:44:12','2018-09-03 18:44:13',NULL,'Web','limit',0.0000000000000000,2023.7256000000000000,0.0038917800000000,1),(3,1,2,3,525000.0000000000000000,0.0000486300000000,0.0038917800000000,0,NULL,'OrderAsk',1,'2018-09-03 18:46:34','2018-09-03 19:19:38',NULL,'Web','limit',0.0000486300000000,0.0038917800000000,2017.6537500000000000,1),(4,1,2,3,525000.0000000000000000,0.0000000000000000,0.0038431500000000,200,NULL,'OrderBid',18,'2018-09-03 18:46:56','2018-09-03 18:46:56',NULL,'Web','limit',0.0000000000000000,2017.6537500000000000,0.0038431500000000,1),(5,1,2,3,50000.0000000000000000,0.0010000000000000,0.0010000000000000,0,NULL,'OrderAsk',18,'2018-09-07 17:08:24','2018-09-07 17:08:42',NULL,'Web','limit',0.0010000000000000,0.0010000000000000,0.0000000000000000,0),(6,1,2,3,500000.0000000000000000,0.0000000000000000,0.0010000000000000,200,NULL,'OrderAsk',18,'2018-09-07 17:09:01','2018-09-07 17:10:26',NULL,'Web','limit',0.0000000000000000,0.0010000000000000,500.0000000000000000,1),(7,1,2,3,500000.0000000000000000,0.0000000000000000,0.0010000000000000,200,NULL,'OrderBid',20,'2018-09-07 17:10:26','2018-09-07 17:10:26',NULL,'Web','limit',0.0000000000000000,500.0000000000000000,0.0010000000000000,1),(8,1,2,3,500000.0000000000000000,0.0034714500000000,0.0034714500000000,0,NULL,'OrderAsk',18,'2018-09-07 17:14:39','2018-09-07 17:15:45',NULL,'Web','limit',0.0034714500000000,0.0034714500000000,0.0000000000000000,0),(9,1,2,3,500000.0000000000000000,0.1000000000000000,0.1000000000000000,0,NULL,'OrderBid',1,'2018-09-14 02:29:45','2018-10-03 08:21:33',NULL,'Web','limit',50000.0000000000000000,50000.0000000000000000,0.0000000000000000,0),(10,1,2,3,510000.0000000000000000,0.1000000000000000,0.1000000000000000,0,NULL,'OrderBid',1,'2018-09-14 02:30:05','2018-09-24 13:46:39',NULL,'Web','limit',51000.0000000000000000,51000.0000000000000000,0.0000000000000000,0),(11,1,2,3,520000.0000000000000000,0.1000000000000000,0.1000000000000000,0,NULL,'OrderBid',1,'2018-09-14 02:30:31','2018-09-24 12:34:25',NULL,'Web','limit',52000.0000000000000000,52000.0000000000000000,0.0000000000000000,0),(12,1,2,3,530000.0000000000000000,0.1000000000000000,0.1000000000000000,0,NULL,'OrderBid',1,'2018-09-14 02:30:53','2018-09-24 12:34:17',NULL,'Web','limit',53000.0000000000000000,53000.0000000000000000,0.0000000000000000,0),(13,1,2,3,500000.0000000000000000,0.1000000000000000,0.1000000000000000,0,NULL,'OrderBid',1,'2018-09-14 05:29:30','2018-09-24 12:33:50',NULL,'Web','limit',50000.0000000000000000,50000.0000000000000000,0.0000000000000000,0),(14,1,2,3,540000.0000000000000000,0.1000000000000000,0.1000000000000000,0,NULL,'OrderBid',1,'2018-09-14 05:29:48','2018-09-24 09:05:54',NULL,'Web','limit',54000.0000000000000000,54000.0000000000000000,0.0000000000000000,0),(15,1,2,3,560000.0000000000000000,0.1000000000000000,0.1000000000000000,0,NULL,'OrderBid',1,'2018-09-14 05:30:01','2018-09-24 12:01:35',NULL,'Web','limit',56000.0000000000000000,56000.0000000000000000,0.0000000000000000,0),(16,1,2,3,570000.0000000000000000,0.0965285500000000,0.1000000000000000,0,NULL,'OrderBid',1,'2018-09-14 05:30:13','2018-10-03 08:21:33',NULL,'Web','limit',55021.2735000000000000,57000.0000000000000000,0.0034714500000000,1),(17,1,2,3,500000.0000000000000000,0.0000000000000000,0.0034714500000000,200,NULL,'OrderAsk',18,'2018-09-19 17:40:07','2018-09-19 17:40:07',NULL,'Web','limit',0.0000000000000000,0.0034714500000000,1978.7265000000000000,1),(18,1,2,3,500000.0000000000000000,0.0039825800000000,0.0039825800000000,0,NULL,'OrderBid',18,'2018-09-19 17:40:11','2018-09-21 03:12:16',NULL,'Web','limit',1991.2900000000000000,1991.2900000000000000,0.0000000000000000,0),(19,1,2,3,510000.0000000000000000,0.1000000000000000,0.1000000000000000,0,NULL,'OrderBid',1,'2018-09-19 18:45:47','2018-09-24 09:06:40',NULL,'Web','limit',51000.0000000000000000,51000.0000000000000000,0.0000000000000000,0),(20,1,2,3,500000.0000000000000000,0.0520148700000000,0.0520148700000000,0,NULL,'OrderBid',1,'2018-09-19 18:45:55','2018-09-24 09:06:19',NULL,'Web','limit',26007.4350000000000000,26007.4350000000000000,0.0000000000000000,0),(21,1,2,3,500000.0000000000000000,0.0000000000000000,0.0035409500000000,200,NULL,'OrderAsk',1,'2018-09-19 18:45:59','2018-09-21 03:12:34',NULL,'Web','limit',0.0000000000000000,0.0035409500000000,1770.4750000000000000,1),(22,1,2,3,520000.0000000000000000,0.0002884500000000,0.0038294000000000,0,NULL,'OrderBid',18,'2018-09-21 03:12:34','2018-09-21 03:13:17',NULL,'Web','limit',220.8130000000000000,1991.2880000000000000,0.0035409500000000,1),(23,1,2,3,510000.0000000000000000,0.1000000000000000,0.1000000000000000,0,NULL,'OrderBid',1,'2018-09-24 13:47:16','2018-10-03 08:21:33',NULL,'Web','limit',51000.0000000000000000,51000.0000000000000000,0.0000000000000000,0),(24,1,9,29,14.0000000000000000,1.0000000000000000,1.0000000000000000,0,NULL,'OrderAsk',1,'2018-09-27 18:24:38','2018-10-03 09:57:40',NULL,'Web','limit',1.0000000000000000,1.0000000000000000,0.0000000000000000,0),(25,1,9,29,13.5000000000000000,2.0000000000000000,2.0000000000000000,0,NULL,'OrderAsk',1,'2018-09-27 18:25:15','2018-10-03 09:23:37',NULL,'Web','limit',2.0000000000000000,2.0000000000000000,0.0000000000000000,0),(26,1,9,29,12.0000000000000000,1.0000000000000000,1.0000000000000000,0,NULL,'OrderBid',1,'2018-09-27 18:26:05','2018-10-03 09:23:59',NULL,'Web','limit',12.0000000000000000,12.0000000000000000,0.0000000000000000,0),(27,1,9,29,11.5000000000000000,2.0000000000000000,2.0000000000000000,0,NULL,'OrderBid',1,'2018-09-27 18:26:19','2018-10-03 10:00:13',NULL,'Web','limit',23.0000000000000000,23.0000000000000000,0.0000000000000000,0),(28,1,2,3,500000.0000000000000000,0.1000000000000000,0.1000000000000000,0,NULL,'OrderBid',1,'2018-10-03 08:17:17','2018-10-03 08:21:33',NULL,'Web','limit',50000.0000000000000000,50000.0000000000000000,0.0000000000000000,0),(29,1,2,3,510000.0000000000000000,0.1000000000000000,0.1000000000000000,0,NULL,'OrderBid',1,'2018-10-03 08:17:32','2018-10-03 08:21:33',NULL,'Web','limit',51000.0000000000000000,51000.0000000000000000,0.0000000000000000,0),(30,1,2,3,520000.0000000000000000,0.2000000000000000,0.2000000000000000,0,NULL,'OrderBid',1,'2018-10-03 08:18:06','2018-10-03 08:21:33',NULL,'Web','limit',104000.0000000000000000,104000.0000000000000000,0.0000000000000000,0),(31,1,2,3,530000.0000000000000000,0.2000000000000000,0.2000000000000000,0,NULL,'OrderBid',1,'2018-10-03 08:18:43','2018-10-03 08:21:33',NULL,'Web','limit',106000.0000000000000000,106000.0000000000000000,0.0000000000000000,0),(32,1,2,3,490000.0000000000000000,0.0654858200000000,0.0654858200000000,0,NULL,'OrderBid',1,'2018-10-03 08:20:06','2018-10-03 08:21:33',NULL,'Web','limit',32088.0518000000000000,32088.0518000000000000,0.0000000000000000,0),(33,1,2,3,480000.0000000000000000,0.0013364400000000,0.0013364400000000,0,NULL,'OrderBid',1,'2018-10-03 08:20:49','2018-10-03 08:21:33',NULL,'Web','limit',641.4912000000000000,641.4912000000000000,0.0000000000000000,0),(34,1,2,3,460000.0000000000000000,0.1000278400000000,0.1000278400000000,0,NULL,'OrderBid',1,'2018-10-03 08:22:14','2018-10-03 09:55:54',NULL,'Web','limit',46012.8064000000000000,46012.8064000000000000,0.0000000000000000,0),(35,1,2,3,500000.0000000000000000,0.0010000000000000,0.0010000000000000,0,NULL,'OrderAsk',18,'2018-10-15 20:16:41','2018-10-15 20:17:17',NULL,'Web','limit',0.0010000000000000,0.0010000000000000,0.0000000000000000,0);
/*!40000 ALTER TABLE `orders` ENABLE KEYS */;
UNLOCK TABLES;

--
-- Table structure for table `otps`
--

DROP TABLE IF EXISTS `otps`;
/*!40101 SET @saved_cs_client     = @@character_set_client */;
/*!40101 SET character_set_client = utf8 */;
CREATE TABLE `otps` (
  `id` int(11) NOT NULL AUTO_INCREMENT,
  `phone_number` varchar(255) COLLATE utf8_unicode_ci DEFAULT NULL,
  `otp` varchar(255) COLLATE utf8_unicode_ci DEFAULT NULL,
  `is_used` tinyint(1) DEFAULT '0',
  `status` tinyint(1) DEFAULT '1',
  `created_at` datetime DEFAULT NULL,
  `updated_at` datetime DEFAULT NULL,
  PRIMARY KEY (`id`)
) ENGINE=InnoDB AUTO_INCREMENT=3 DEFAULT CHARSET=utf8 COLLATE=utf8_unicode_ci;
/*!40101 SET character_set_client = @saved_cs_client */;

--
-- Dumping data for table `otps`
--

LOCK TABLES `otps` WRITE;
/*!40000 ALTER TABLE `otps` DISABLE KEYS */;
INSERT INTO `otps` VALUES (2,'+918696550861','742353',0,1,'2018-09-03 18:46:02','2018-09-03 18:46:02');
/*!40000 ALTER TABLE `otps` ENABLE KEYS */;
UNLOCK TABLES;

--
-- Table structure for table `partial_trees`
--

DROP TABLE IF EXISTS `partial_trees`;
/*!40101 SET @saved_cs_client     = @@character_set_client */;
/*!40101 SET character_set_client = utf8 */;
CREATE TABLE `partial_trees` (
  `id` int(11) NOT NULL AUTO_INCREMENT,
  `proof_id` int(11) NOT NULL,
  `account_id` int(11) NOT NULL,
  `json` text COLLATE utf8_unicode_ci NOT NULL,
  `created_at` datetime DEFAULT NULL,
  `updated_at` datetime DEFAULT NULL,
  `sum` varchar(255) COLLATE utf8_unicode_ci DEFAULT NULL,
  PRIMARY KEY (`id`)
) ENGINE=InnoDB AUTO_INCREMENT=766 DEFAULT CHARSET=utf8 COLLATE=utf8_unicode_ci;
/*!40101 SET character_set_client = @saved_cs_client */;

--
-- Dumping data for table `partial_trees`
--

LOCK TABLES `partial_trees` WRITE;
/*!40000 ALTER TABLE `partial_trees` DISABLE KEYS */;
INSERT INTO `partial_trees` VALUES (703,137,23,'{\"partial_tree\":{\"right\":{\"data\":{\"sum\":\"0\",\"hash\":\"282bded8488cc2c2631260403e902593d8e844195c759e623a843a03f3bc623d\"}},\"left\":{\"left\":{\"data\":{\"sum\":\"0.00354096\",\"hash\":\"2d7153cbd317f576f21ee333118145a73ab2cf325432dd7dcfa7614406b42d24\"}},\"right\":{\"left\":{\"data\":{\"sum\":\"0\",\"hash\":\"f2fcca29bcd30f30db62a0d1d30f04ee158408d1cff0390c125bde438007c8c4\"}},\"right\":{\"data\":{\"sum\":\"0.000996\",\"nonce\":\"84a3d77998fe6ca1078d5ebf1ae716da\",\"user\":\"info.viralwork@gmail.com\"}}}}}}','2018-10-18 04:00:10','2018-10-18 04:00:10','0.000996'),(704,137,30,'{\"partial_tree\":{\"left\":{\"data\":{\"sum\":\"0.00453696\",\"hash\":\"0613c142723debca6a116875dbde31fe649316828202736c852adf7c3add74e3\"}},\"right\":{\"right\":{\"data\":{\"sum\":\"0\",\"hash\":\"3f734085bc183a7bbbeae15eee1d5689ea5a236b438482c7c6a8077c026f1b7d\"}},\"left\":{\"data\":{\"sum\":\"0\",\"nonce\":\"83311a5d1fe1f22ad8585873998743ed\",\"user\":\"achmadzaini090@gmail.com\"}}}}}','2018-10-18 04:00:10','2018-10-18 04:00:10','0'),(705,137,37,'{\"partial_tree\":{\"left\":{\"data\":{\"sum\":\"0.00453696\",\"hash\":\"0613c142723debca6a116875dbde31fe649316828202736c852adf7c3add74e3\"}},\"right\":{\"left\":{\"data\":{\"sum\":\"0\",\"hash\":\"93e79efed6165f88bc05df12151774da2a98b7ca149b555debdfc40ab29d916c\"}},\"right\":{\"data\":{\"sum\":\"0\",\"nonce\":\"52a4dd2eaf0973ba736b2cb8c06c1454\",\"user\":\"testagain@mailinator.com\"}}}}}','2018-10-18 04:00:10','2018-10-18 04:00:10','0'),(706,138,3,'{\"partial_tree\":{\"right\":{\"data\":{\"sum\":\"0\",\"hash\":\"6860fc875fd914b81448f637b37e0b715230bcaafcf45d487bd78774121668e6\"}},\"left\":{\"right\":{\"data\":{\"sum\":\"0\",\"hash\":\"2ff28832c07bc2cf6231322b88fd50bfd5322df771820b1103d4b6eec92f174a\"}},\"left\":{\"right\":{\"data\":{\"sum\":\"0\",\"hash\":\"82a2a3f5f5645cfc67f1978d917a3d4aa9409d1c825866f01003c80dcc1f616b\"}},\"left\":{\"data\":{\"sum\":\"0\",\"nonce\":\"1a59374349fc51b3eee3db3b31b494c4\",\"user\":\"admin@ebull.com\"}}}}}}','2018-10-18 04:00:10','2018-10-18 04:00:10','0'),(707,138,10,'{\"partial_tree\":{\"right\":{\"data\":{\"sum\":\"0\",\"hash\":\"6860fc875fd914b81448f637b37e0b715230bcaafcf45d487bd78774121668e6\"}},\"left\":{\"right\":{\"data\":{\"sum\":\"0\",\"hash\":\"2ff28832c07bc2cf6231322b88fd50bfd5322df771820b1103d4b6eec92f174a\"}},\"left\":{\"left\":{\"data\":{\"sum\":\"0\",\"hash\":\"0c9c1ac22cfca31ff80e2af1a306191af2f3ce73cf7a2da2961cf770bcb12cd7\"}},\"right\":{\"data\":{\"sum\":\"0\",\"nonce\":\"4f7c02b5ba442b1562a11bc9e772598e\",\"user\":\"ravikaashg@gmail.com\"}}}}}}','2018-10-18 04:00:10','2018-10-18 04:00:10','0'),(708,138,17,'{\"partial_tree\":{\"right\":{\"data\":{\"sum\":\"0\",\"hash\":\"6860fc875fd914b81448f637b37e0b715230bcaafcf45d487bd78774121668e6\"}},\"left\":{\"left\":{\"data\":{\"sum\":\"0\",\"hash\":\"2a05ca8830760a35f7f93009aac1fc2e1fbc9dc45e1d36e4a7dc981c0f866a70\"}},\"right\":{\"right\":{\"data\":{\"sum\":\"0\",\"hash\":\"0ec9c373a148c0917d51defd454bbd716f412c983505513adc944435938bec39\"}},\"left\":{\"data\":{\"sum\":\"0\",\"nonce\":\"a676c9ccbfe90f2aef67f9eeaca5f5cf\",\"user\":\"johnisback@mailinator.com\"}}}}}}','2018-10-18 04:00:10','2018-10-18 04:00:10','0'),(709,138,24,'{\"partial_tree\":{\"right\":{\"data\":{\"sum\":\"0\",\"hash\":\"6860fc875fd914b81448f637b37e0b715230bcaafcf45d487bd78774121668e6\"}},\"left\":{\"left\":{\"data\":{\"sum\":\"0\",\"hash\":\"2a05ca8830760a35f7f93009aac1fc2e1fbc9dc45e1d36e4a7dc981c0f866a70\"}},\"right\":{\"left\":{\"data\":{\"sum\":\"0\",\"hash\":\"c451e544690ba6fc8c83d691f371b0dbbb9eb49cd5adcd32d90051140fad1572\"}},\"right\":{\"data\":{\"sum\":\"0\",\"nonce\":\"4d23592901078c7c288ff955b8a1a105\",\"user\":\"info.viralwork@gmail.com\"}}}}}}','2018-10-18 04:00:10','2018-10-18 04:00:10','0'),(710,138,31,'{\"partial_tree\":{\"left\":{\"data\":{\"sum\":\"0\",\"hash\":\"621cfaaac86a3eace6972044e6ba312179c0d39d27219dd6ddd68f229af9aa6e\"}},\"right\":{\"right\":{\"data\":{\"sum\":\"0\",\"hash\":\"9dcf996a8d59603fde2871f516db940d558eaa291765e55e19e92a715d70361f\"}},\"left\":{\"data\":{\"sum\":\"0\",\"nonce\":\"c055efd985fb2b865a5588527f7b6099\",\"user\":\"achmadzaini090@gmail.com\"}}}}}','2018-10-18 04:00:10','2018-10-18 04:00:10','0'),(711,138,38,'{\"partial_tree\":{\"left\":{\"data\":{\"sum\":\"0\",\"hash\":\"621cfaaac86a3eace6972044e6ba312179c0d39d27219dd6ddd68f229af9aa6e\"}},\"right\":{\"left\":{\"data\":{\"sum\":\"0\",\"hash\":\"9070cbf12cb9d4284cb920577dd83458ca8729f20384d6e478bd8d09077d6f9b\"}},\"right\":{\"data\":{\"sum\":\"0\",\"nonce\":\"d185992432490116f496ff694ddd64fb\",\"user\":\"testagain@mailinator.com\"}}}}}','2018-10-18 04:00:10','2018-10-18 04:00:10','0'),(712,139,1,'{\"partial_tree\":{\"right\":{\"data\":{\"sum\":\"0\",\"hash\":\"45541b43e5f46aed721801e6ed43c8ca7e12ff6fa7ecbfb874395bce27cc788c\"}},\"left\":{\"right\":{\"data\":{\"sum\":\"509500\",\"hash\":\"6e57581ef1a7427d742c78836c510b217eeb583f49ad537f5572f8c48161e3c1\"}},\"left\":{\"right\":{\"data\":{\"sum\":\"700.8159937\",\"hash\":\"f429c36061698cf667aa0b7f7efd8cf00ff292dc3b5c9d6745bbebe836ab3f59\"}},\"left\":{\"data\":{\"sum\":\"499799.1840063\",\"nonce\":\"b7b0475d1d03897a108857cb7cd4f65a\",\"user\":\"admin@ebull.com\"}}}}}}','2018-10-19 04:00:12','2018-10-19 04:00:12','499799.1840063'),(713,139,8,'{\"partial_tree\":{\"right\":{\"data\":{\"sum\":\"0\",\"hash\":\"45541b43e5f46aed721801e6ed43c8ca7e12ff6fa7ecbfb874395bce27cc788c\"}},\"left\":{\"right\":{\"data\":{\"sum\":\"509500\",\"hash\":\"6e57581ef1a7427d742c78836c510b217eeb583f49ad537f5572f8c48161e3c1\"}},\"left\":{\"left\":{\"data\":{\"sum\":\"499799.1840063\",\"hash\":\"50b654c08c2d1175d70289154698ece94bf433146ef7b6c9e50b2b7ba48e6d3b\"}},\"right\":{\"data\":{\"sum\":\"700.8159937\",\"nonce\":\"b7e2aa9ebd5e4c0037179e24eb59ca33\",\"user\":\"ravikaashg@gmail.com\"}}}}}}','2018-10-19 04:00:12','2018-10-19 04:00:12','700.8159937'),(714,139,15,'{\"partial_tree\":{\"right\":{\"data\":{\"sum\":\"0\",\"hash\":\"45541b43e5f46aed721801e6ed43c8ca7e12ff6fa7ecbfb874395bce27cc788c\"}},\"left\":{\"left\":{\"data\":{\"sum\":\"500500\",\"hash\":\"845c7551374c6a303562aace2cbd90adf577fc9e9722d38b883e61061b59a65d\"}},\"right\":{\"right\":{\"data\":{\"sum\":\"9500\",\"hash\":\"ac2d8ee3664cbefee384e80d4b6ab4601484e0eade19a9670ea59521e0fd6d41\"}},\"left\":{\"data\":{\"sum\":\"500000\",\"nonce\":\"7af31de1c21a6909bb0b6501b82fca27\",\"user\":\"johnisback@mailinator.com\"}}}}}}','2018-10-19 04:00:12','2018-10-19 04:00:12','500000'),(715,139,22,'{\"partial_tree\":{\"right\":{\"data\":{\"sum\":\"0\",\"hash\":\"45541b43e5f46aed721801e6ed43c8ca7e12ff6fa7ecbfb874395bce27cc788c\"}},\"left\":{\"left\":{\"data\":{\"sum\":\"500500\",\"hash\":\"845c7551374c6a303562aace2cbd90adf577fc9e9722d38b883e61061b59a65d\"}},\"right\":{\"left\":{\"data\":{\"sum\":\"500000\",\"hash\":\"db8bb4dccd008d5af70a05fda910cd34e3b4fca3aad53ce459cdefa09b165c92\"}},\"right\":{\"data\":{\"sum\":\"9500\",\"nonce\":\"216e2e0d6e01ddc4177f218aee3f1815\",\"user\":\"info.viralwork@gmail.com\"}}}}}}','2018-10-19 04:00:12','2018-10-19 04:00:12','9500'),(716,139,29,'{\"partial_tree\":{\"left\":{\"data\":{\"sum\":\"1010000\",\"hash\":\"72b03e17f7d1fbf812c0f1a5b54c77e9cd97a11a728a9bda89421ae696540e02\"}},\"right\":{\"right\":{\"data\":{\"sum\":\"0\",\"hash\":\"33b898c2581d59dbe0948c04e7b8bce57dca57750a1330daaffb1a40741a4647\"}},\"left\":{\"data\":{\"sum\":\"0\",\"nonce\":\"07c2f67b5850140c4e51ad8c925b9039\",\"user\":\"achmadzaini090@gmail.com\"}}}}}','2018-10-19 04:00:12','2018-10-19 04:00:12','0'),(717,139,36,'{\"partial_tree\":{\"left\":{\"data\":{\"sum\":\"1010000\",\"hash\":\"72b03e17f7d1fbf812c0f1a5b54c77e9cd97a11a728a9bda89421ae696540e02\"}},\"right\":{\"left\":{\"data\":{\"sum\":\"0\",\"hash\":\"d23121289f8932725164db6196fe3e5d8c86243784af6177bda90b6431449eee\"}},\"right\":{\"data\":{\"sum\":\"0\",\"nonce\":\"f321c75f1c64f0ffe70efc440181b86b\",\"user\":\"testagain@mailinator.com\"}}}}}','2018-10-19 04:00:12','2018-10-19 04:00:12','0'),(718,140,2,'{\"partial_tree\":{\"right\":{\"data\":{\"sum\":\"0\",\"hash\":\"e35dc0783e9bea963d7a7bc87bf3d1815b0a8d4404846c24cf75c5a3d47c9ae6\"}},\"left\":{\"right\":{\"data\":{\"sum\":\"0.000996\",\"hash\":\"62825ae3afeb1c182dd8c9817ad0c895dd5bc0741924590c04775765b2060e89\"}},\"left\":{\"right\":{\"data\":{\"sum\":\"0.0035267936\",\"hash\":\"28fa56ca70beeceed69e5a21850e0906596c1693292014a2156ee1acaa7e3759\"}},\"left\":{\"data\":{\"sum\":\"0.0000141664\",\"nonce\":\"9d6e0268712140ca32eb5109e0f59dc6\",\"user\":\"admin@ebull.com\"}}}}}}','2018-10-19 04:00:12','2018-10-19 04:00:12','0.0000141664'),(719,140,9,'{\"partial_tree\":{\"right\":{\"data\":{\"sum\":\"0\",\"hash\":\"e35dc0783e9bea963d7a7bc87bf3d1815b0a8d4404846c24cf75c5a3d47c9ae6\"}},\"left\":{\"right\":{\"data\":{\"sum\":\"0.000996\",\"hash\":\"62825ae3afeb1c182dd8c9817ad0c895dd5bc0741924590c04775765b2060e89\"}},\"left\":{\"left\":{\"data\":{\"sum\":\"0.0000141664\",\"hash\":\"f6f634d0bea9fa89c4ca04829b804ee1eb0af71ecb665745a53b824de22a8c43\"}},\"right\":{\"data\":{\"sum\":\"0.0035267936\",\"nonce\":\"eaf70ef950bdee88747551d2145e093a\",\"user\":\"ravikaashg@gmail.com\"}}}}}}','2018-10-19 04:00:12','2018-10-19 04:00:12','0.0035267936'),(720,140,16,'{\"partial_tree\":{\"right\":{\"data\":{\"sum\":\"0\",\"hash\":\"e35dc0783e9bea963d7a7bc87bf3d1815b0a8d4404846c24cf75c5a3d47c9ae6\"}},\"left\":{\"left\":{\"data\":{\"sum\":\"0.00354096\",\"hash\":\"7d5d00e34bae1f6782baf27e6c951ce3408a994f6bdbc5166d6004812925174f\"}},\"right\":{\"right\":{\"data\":{\"sum\":\"0.000996\",\"hash\":\"f9df995c6c5d397e5876560fdb006e833258bfcfc6be582c65b901aaf16651fe\"}},\"left\":{\"data\":{\"sum\":\"0\",\"nonce\":\"762b8b954ac0e183a44ee288ca7ec5d3\",\"user\":\"johnisback@mailinator.com\"}}}}}}','2018-10-19 04:00:12','2018-10-19 04:00:12','0'),(721,140,23,'{\"partial_tree\":{\"right\":{\"data\":{\"sum\":\"0\",\"hash\":\"e35dc0783e9bea963d7a7bc87bf3d1815b0a8d4404846c24cf75c5a3d47c9ae6\"}},\"left\":{\"left\":{\"data\":{\"sum\":\"0.00354096\",\"hash\":\"7d5d00e34bae1f6782baf27e6c951ce3408a994f6bdbc5166d6004812925174f\"}},\"right\":{\"left\":{\"data\":{\"sum\":\"0\",\"hash\":\"b99d105402b756c205eb15ae7ff8d2835f34c31eb3baca9c469e89311eebe874\"}},\"right\":{\"data\":{\"sum\":\"0.000996\",\"nonce\":\"60e54b367fae2b88d931ed3015026e75\",\"user\":\"info.viralwork@gmail.com\"}}}}}}','2018-10-19 04:00:12','2018-10-19 04:00:12','0.000996'),(722,140,30,'{\"partial_tree\":{\"left\":{\"data\":{\"sum\":\"0.00453696\",\"hash\":\"a75d2dcc0998ed0900d0f6638e0fd9dd172842aac1be3fcdf9f2854f7f97bc41\"}},\"right\":{\"right\":{\"data\":{\"sum\":\"0\",\"hash\":\"fa42d536dd59536d015f64baf5c70be1f359d7e6456ba5350ef02362efc4abdc\"}},\"left\":{\"data\":{\"sum\":\"0\",\"nonce\":\"cb0140e63b4a4e3c11fb9f73200cb998\",\"user\":\"achmadzaini090@gmail.com\"}}}}}','2018-10-19 04:00:12','2018-10-19 04:00:12','0'),(723,140,37,'{\"partial_tree\":{\"left\":{\"data\":{\"sum\":\"0.00453696\",\"hash\":\"a75d2dcc0998ed0900d0f6638e0fd9dd172842aac1be3fcdf9f2854f7f97bc41\"}},\"right\":{\"left\":{\"data\":{\"sum\":\"0\",\"hash\":\"6fb75ee7847a42be11d401e558ed06d84e27c99c98544dc52d82f5f1adbeedea\"}},\"right\":{\"data\":{\"sum\":\"0\",\"nonce\":\"857a42c6277ac09ccdcf1f6453de888a\",\"user\":\"testagain@mailinator.com\"}}}}}','2018-10-19 04:00:12','2018-10-19 04:00:12','0'),(724,141,3,'{\"partial_tree\":{\"right\":{\"data\":{\"sum\":\"0\",\"hash\":\"33bb195d85913010805b5846024bbb30e66fd4706e30b08cd002d04c8c93c05b\"}},\"left\":{\"right\":{\"data\":{\"sum\":\"0\",\"hash\":\"0727d1a21786ed612891d1620ff56ea87999b95efd1b0eff039ac8edbafc089c\"}},\"left\":{\"right\":{\"data\":{\"sum\":\"0\",\"hash\":\"989208df83a0343af0ac4599e8442bb1176f544b3fd907fa4d22457300f030b7\"}},\"left\":{\"data\":{\"sum\":\"0\",\"nonce\":\"76a731f306f61c177a8d849a583626c6\",\"user\":\"admin@ebull.com\"}}}}}}','2018-10-19 04:00:12','2018-10-19 04:00:12','0'),(725,141,10,'{\"partial_tree\":{\"right\":{\"data\":{\"sum\":\"0\",\"hash\":\"33bb195d85913010805b5846024bbb30e66fd4706e30b08cd002d04c8c93c05b\"}},\"left\":{\"right\":{\"data\":{\"sum\":\"0\",\"hash\":\"0727d1a21786ed612891d1620ff56ea87999b95efd1b0eff039ac8edbafc089c\"}},\"left\":{\"left\":{\"data\":{\"sum\":\"0\",\"hash\":\"3cf3b2ca9eb03cdfc6f125bd1644fce192a7c261fbcf696119b93c40db638a89\"}},\"right\":{\"data\":{\"sum\":\"0\",\"nonce\":\"85a98fe19cae75fa60cc360d15d4eae6\",\"user\":\"ravikaashg@gmail.com\"}}}}}}','2018-10-19 04:00:12','2018-10-19 04:00:12','0'),(726,141,17,'{\"partial_tree\":{\"right\":{\"data\":{\"sum\":\"0\",\"hash\":\"33bb195d85913010805b5846024bbb30e66fd4706e30b08cd002d04c8c93c05b\"}},\"left\":{\"left\":{\"data\":{\"sum\":\"0\",\"hash\":\"0b4a3e8fdd0d8a35e656fef5e6c7655a4adbc3a0d28a06aed42a28eac2a9d385\"}},\"right\":{\"right\":{\"data\":{\"sum\":\"0\",\"hash\":\"0805a2e60e15af7fb93af8337209c010d6ee885335f9ec5b1f5f9721d03e7812\"}},\"left\":{\"data\":{\"sum\":\"0\",\"nonce\":\"42fe3a6d2a323089abfb36d1d51058fb\",\"user\":\"johnisback@mailinator.com\"}}}}}}','2018-10-19 04:00:12','2018-10-19 04:00:12','0'),(727,141,24,'{\"partial_tree\":{\"right\":{\"data\":{\"sum\":\"0\",\"hash\":\"33bb195d85913010805b5846024bbb30e66fd4706e30b08cd002d04c8c93c05b\"}},\"left\":{\"left\":{\"data\":{\"sum\":\"0\",\"hash\":\"0b4a3e8fdd0d8a35e656fef5e6c7655a4adbc3a0d28a06aed42a28eac2a9d385\"}},\"right\":{\"left\":{\"data\":{\"sum\":\"0\",\"hash\":\"ca80fba23922eb101b7fe3d6ed0c4bb5ec25c5e21dd65dd543f1535272766448\"}},\"right\":{\"data\":{\"sum\":\"0\",\"nonce\":\"4405eb903db5f2ba4b691f049f5ce472\",\"user\":\"info.viralwork@gmail.com\"}}}}}}','2018-10-19 04:00:12','2018-10-19 04:00:12','0'),(728,141,31,'{\"partial_tree\":{\"left\":{\"data\":{\"sum\":\"0\",\"hash\":\"a5db8454d8de42d7d5e5a478316a75746d8f508ec0dad36e1032f89626400088\"}},\"right\":{\"right\":{\"data\":{\"sum\":\"0\",\"hash\":\"90e98ccf599ceefe032611cfdab962a5b955061836f2d12b0dd959cc0cbf37a0\"}},\"left\":{\"data\":{\"sum\":\"0\",\"nonce\":\"5b3a4372d8e1b1b5f5b1c67f475315bf\",\"user\":\"achmadzaini090@gmail.com\"}}}}}','2018-10-19 04:00:12','2018-10-19 04:00:12','0'),(729,141,38,'{\"partial_tree\":{\"left\":{\"data\":{\"sum\":\"0\",\"hash\":\"a5db8454d8de42d7d5e5a478316a75746d8f508ec0dad36e1032f89626400088\"}},\"right\":{\"left\":{\"data\":{\"sum\":\"0\",\"hash\":\"59e7b25cb8b6cde79f813e5ec63c0f81caadceb6e372dd0a6f5ef0b2a9b55492\"}},\"right\":{\"data\":{\"sum\":\"0\",\"nonce\":\"95bb4c81546e17759daff1b98d06c4e8\",\"user\":\"testagain@mailinator.com\"}}}}}','2018-10-19 04:00:12','2018-10-19 04:00:12','0'),(730,142,1,'{\"partial_tree\":{\"right\":{\"data\":{\"sum\":\"0\",\"hash\":\"0e6aca927944d550ba3251c50bbdf3e544215fb1f48fa76794501388b156994f\"}},\"left\":{\"right\":{\"data\":{\"sum\":\"509500\",\"hash\":\"96a164237110fac6f5c5e382d686e2e14bdf6de608b827033791ce178ca5732e\"}},\"left\":{\"right\":{\"data\":{\"sum\":\"700.8159937\",\"hash\":\"46494eeb84f8e6bac870628548fdf5b9ecd7d72723e4bc9c7bb2d14aa6cd5eef\"}},\"left\":{\"data\":{\"sum\":\"499799.1840063\",\"nonce\":\"35654fc5d009396965bd51a269d33d85\",\"user\":\"admin@ebull.com\"}}}}}}','2018-10-20 04:00:11','2018-10-20 04:00:11','499799.1840063'),(731,142,8,'{\"partial_tree\":{\"right\":{\"data\":{\"sum\":\"0\",\"hash\":\"0e6aca927944d550ba3251c50bbdf3e544215fb1f48fa76794501388b156994f\"}},\"left\":{\"right\":{\"data\":{\"sum\":\"509500\",\"hash\":\"96a164237110fac6f5c5e382d686e2e14bdf6de608b827033791ce178ca5732e\"}},\"left\":{\"left\":{\"data\":{\"sum\":\"499799.1840063\",\"hash\":\"8a47a8771dabe742b62b48266e3afadcd4985f907d19344714f9deed2fd40d61\"}},\"right\":{\"data\":{\"sum\":\"700.8159937\",\"nonce\":\"3a7f22e71ca4efba8515da96b48ca2ee\",\"user\":\"ravikaashg@gmail.com\"}}}}}}','2018-10-20 04:00:11','2018-10-20 04:00:11','700.8159937'),(732,142,15,'{\"partial_tree\":{\"right\":{\"data\":{\"sum\":\"0\",\"hash\":\"0e6aca927944d550ba3251c50bbdf3e544215fb1f48fa76794501388b156994f\"}},\"left\":{\"left\":{\"data\":{\"sum\":\"500500\",\"hash\":\"e5be18c53a5b3a1ed651aa12a2c07c26d7b7f39bf2a0681f3cadfeeab76fb805\"}},\"right\":{\"right\":{\"data\":{\"sum\":\"9500\",\"hash\":\"6096fcc39e180bc92aa48c781e0ae6b1b366d7c464e88b1a237b00e4fbac80e2\"}},\"left\":{\"data\":{\"sum\":\"500000\",\"nonce\":\"36d9e865e01ea8319fc5b2ccda583828\",\"user\":\"johnisback@mailinator.com\"}}}}}}','2018-10-20 04:00:11','2018-10-20 04:00:11','500000'),(733,142,22,'{\"partial_tree\":{\"right\":{\"data\":{\"sum\":\"0\",\"hash\":\"0e6aca927944d550ba3251c50bbdf3e544215fb1f48fa76794501388b156994f\"}},\"left\":{\"left\":{\"data\":{\"sum\":\"500500\",\"hash\":\"e5be18c53a5b3a1ed651aa12a2c07c26d7b7f39bf2a0681f3cadfeeab76fb805\"}},\"right\":{\"left\":{\"data\":{\"sum\":\"500000\",\"hash\":\"f53f19dd1c28ed6ea3a15821f810d5dbd5765c13693eeb13e1a24ba95b641144\"}},\"right\":{\"data\":{\"sum\":\"9500\",\"nonce\":\"116a5843a52c889b8af7d95c6899307f\",\"user\":\"info.viralwork@gmail.com\"}}}}}}','2018-10-20 04:00:11','2018-10-20 04:00:11','9500'),(734,142,29,'{\"partial_tree\":{\"left\":{\"data\":{\"sum\":\"1010000\",\"hash\":\"33060c269b6cd209ea3eae57765f86611e7a1ea7e9e0fe2c230b1caa70618c2b\"}},\"right\":{\"right\":{\"data\":{\"sum\":\"0\",\"hash\":\"5f53a329cf8546e4d15ce37046bbba04544c3b93bbb2ea0004a3c6efff803193\"}},\"left\":{\"data\":{\"sum\":\"0\",\"nonce\":\"b2f7347536c128d99454283b6b47e551\",\"user\":\"achmadzaini090@gmail.com\"}}}}}','2018-10-20 04:00:11','2018-10-20 04:00:11','0'),(735,142,36,'{\"partial_tree\":{\"left\":{\"data\":{\"sum\":\"1010000\",\"hash\":\"33060c269b6cd209ea3eae57765f86611e7a1ea7e9e0fe2c230b1caa70618c2b\"}},\"right\":{\"left\":{\"data\":{\"sum\":\"0\",\"hash\":\"440e7648594579d97d96cd58140b930cf51b7255685f2f5f910683a79666ccc3\"}},\"right\":{\"data\":{\"sum\":\"0\",\"nonce\":\"b00f72b1b8933e6f3f402a9d303e4c0a\",\"user\":\"testagain@mailinator.com\"}}}}}','2018-10-20 04:00:11','2018-10-20 04:00:11','0'),(736,143,2,'{\"partial_tree\":{\"right\":{\"data\":{\"sum\":\"0\",\"hash\":\"c8c309e3e7433f1d1f397a36fd211934b495ef56a8a7fc1033f811270cf13f5a\"}},\"left\":{\"right\":{\"data\":{\"sum\":\"0.000996\",\"hash\":\"6eb8c07cb553ce7bd53e8be6b12d7c82264c3a760946bf5d5390edfde87607bb\"}},\"left\":{\"right\":{\"data\":{\"sum\":\"0.0035267936\",\"hash\":\"fad092c476ad1e9b2cb350795c7f1408ab6e4ede5fe4912751f2b96b983a3e2f\"}},\"left\":{\"data\":{\"sum\":\"0.0000141664\",\"nonce\":\"4547a0d62a4d931d73b6a2c84a6ba05e\",\"user\":\"admin@ebull.com\"}}}}}}','2018-10-20 04:00:11','2018-10-20 04:00:11','0.0000141664'),(737,143,9,'{\"partial_tree\":{\"right\":{\"data\":{\"sum\":\"0\",\"hash\":\"c8c309e3e7433f1d1f397a36fd211934b495ef56a8a7fc1033f811270cf13f5a\"}},\"left\":{\"right\":{\"data\":{\"sum\":\"0.000996\",\"hash\":\"6eb8c07cb553ce7bd53e8be6b12d7c82264c3a760946bf5d5390edfde87607bb\"}},\"left\":{\"left\":{\"data\":{\"sum\":\"0.0000141664\",\"hash\":\"dd1812afbf5a0637065a2a6f6db9c653075e6bb540df7b80dff3b4959f3b0dd8\"}},\"right\":{\"data\":{\"sum\":\"0.0035267936\",\"nonce\":\"1f0b75c6477b2f9ef38e62d95a25d6d3\",\"user\":\"ravikaashg@gmail.com\"}}}}}}','2018-10-20 04:00:11','2018-10-20 04:00:11','0.0035267936'),(738,143,16,'{\"partial_tree\":{\"right\":{\"data\":{\"sum\":\"0\",\"hash\":\"c8c309e3e7433f1d1f397a36fd211934b495ef56a8a7fc1033f811270cf13f5a\"}},\"left\":{\"left\":{\"data\":{\"sum\":\"0.00354096\",\"hash\":\"8b64466214b658ff9f2d1258b621302c37d7a1e4d19e4f0fb49c570e25f526a2\"}},\"right\":{\"right\":{\"data\":{\"sum\":\"0.000996\",\"hash\":\"ca075b6053bc2b01b0b5b730bd530e154dc3c9b6ee033d3948e3ce0d6417307b\"}},\"left\":{\"data\":{\"sum\":\"0\",\"nonce\":\"7e4445b6c48f971e69476f3e74dc4eed\",\"user\":\"johnisback@mailinator.com\"}}}}}}','2018-10-20 04:00:11','2018-10-20 04:00:11','0'),(739,143,23,'{\"partial_tree\":{\"right\":{\"data\":{\"sum\":\"0\",\"hash\":\"c8c309e3e7433f1d1f397a36fd211934b495ef56a8a7fc1033f811270cf13f5a\"}},\"left\":{\"left\":{\"data\":{\"sum\":\"0.00354096\",\"hash\":\"8b64466214b658ff9f2d1258b621302c37d7a1e4d19e4f0fb49c570e25f526a2\"}},\"right\":{\"left\":{\"data\":{\"sum\":\"0\",\"hash\":\"7b1baca25d6516d15a92546df08e5852b4dd2f1ab07b5e1df9f997d2c3409b60\"}},\"right\":{\"data\":{\"sum\":\"0.000996\",\"nonce\":\"ded44050279d030c27dcc9aeac82a666\",\"user\":\"info.viralwork@gmail.com\"}}}}}}','2018-10-20 04:00:11','2018-10-20 04:00:11','0.000996'),(740,143,30,'{\"partial_tree\":{\"left\":{\"data\":{\"sum\":\"0.00453696\",\"hash\":\"d18f6a87280b53432afd5843a35e730fb87041f4a021c27afd31e10ee84e2636\"}},\"right\":{\"right\":{\"data\":{\"sum\":\"0\",\"hash\":\"1d666de622180134c9132348eb0983b3dae902993123c6c411e03005f0a6c3e9\"}},\"left\":{\"data\":{\"sum\":\"0\",\"nonce\":\"2ef957053469b73ab9924b146dd50069\",\"user\":\"achmadzaini090@gmail.com\"}}}}}','2018-10-20 04:00:11','2018-10-20 04:00:11','0'),(741,143,37,'{\"partial_tree\":{\"left\":{\"data\":{\"sum\":\"0.00453696\",\"hash\":\"d18f6a87280b53432afd5843a35e730fb87041f4a021c27afd31e10ee84e2636\"}},\"right\":{\"left\":{\"data\":{\"sum\":\"0\",\"hash\":\"b8cc4c1789708e596c3000e01e940b2525b6d0628af6da281a327684fefb27ef\"}},\"right\":{\"data\":{\"sum\":\"0\",\"nonce\":\"fe4a4542b8143f78df9403aa05432c5c\",\"user\":\"testagain@mailinator.com\"}}}}}','2018-10-20 04:00:11','2018-10-20 04:00:11','0'),(742,144,1,'{\"partial_tree\":{\"right\":{\"data\":{\"sum\":\"0\",\"hash\":\"77c2095145cbd93f9a15a629aa2296d0f6fb92bac90699d854e8f98a8ae5e0c0\"}},\"left\":{\"right\":{\"data\":{\"sum\":\"509500\",\"hash\":\"894a29ba749729ac78f95b9346c2e76303c77933c7d64e2e6d7ec88235e51dfb\"}},\"left\":{\"right\":{\"data\":{\"sum\":\"700.8159937\",\"hash\":\"6bd9fc1a1976a73ff4b779d33ce324b5e1a3b1f9babbf660dca2de6418fdf92e\"}},\"left\":{\"data\":{\"sum\":\"499799.1840063\",\"nonce\":\"eeab4851b85938585ca82e6f876cdec5\",\"user\":\"admin@ebull.com\"}}}}}}','2018-10-21 04:00:10','2018-10-21 04:00:10','499799.1840063'),(743,144,8,'{\"partial_tree\":{\"right\":{\"data\":{\"sum\":\"0\",\"hash\":\"77c2095145cbd93f9a15a629aa2296d0f6fb92bac90699d854e8f98a8ae5e0c0\"}},\"left\":{\"right\":{\"data\":{\"sum\":\"509500\",\"hash\":\"894a29ba749729ac78f95b9346c2e76303c77933c7d64e2e6d7ec88235e51dfb\"}},\"left\":{\"left\":{\"data\":{\"sum\":\"499799.1840063\",\"hash\":\"64a55b149b561ae8c9f5003dcfe4db711f3eaee73f828b48407526e2b516e0f0\"}},\"right\":{\"data\":{\"sum\":\"700.8159937\",\"nonce\":\"83197a9cbf64b7430f4a5e6739c457aa\",\"user\":\"ravikaashg@gmail.com\"}}}}}}','2018-10-21 04:00:10','2018-10-21 04:00:10','700.8159937'),(744,144,15,'{\"partial_tree\":{\"right\":{\"data\":{\"sum\":\"0\",\"hash\":\"77c2095145cbd93f9a15a629aa2296d0f6fb92bac90699d854e8f98a8ae5e0c0\"}},\"left\":{\"left\":{\"data\":{\"sum\":\"500500\",\"hash\":\"0d2c9fc7bac007abaf5de3937d8b5c27c9b5c87cf6a16b609acd544f771044c4\"}},\"right\":{\"right\":{\"data\":{\"sum\":\"9500\",\"hash\":\"bb0e7d0711ec3c6c51761d9c992959d1bd5077460462fbcac6fe7197e3ee9c85\"}},\"left\":{\"data\":{\"sum\":\"500000\",\"nonce\":\"5e080bec35535cc16f9a322b8b87ccd3\",\"user\":\"johnisback@mailinator.com\"}}}}}}','2018-10-21 04:00:10','2018-10-21 04:00:10','500000'),(745,144,22,'{\"partial_tree\":{\"right\":{\"data\":{\"sum\":\"0\",\"hash\":\"77c2095145cbd93f9a15a629aa2296d0f6fb92bac90699d854e8f98a8ae5e0c0\"}},\"left\":{\"left\":{\"data\":{\"sum\":\"500500\",\"hash\":\"0d2c9fc7bac007abaf5de3937d8b5c27c9b5c87cf6a16b609acd544f771044c4\"}},\"right\":{\"left\":{\"data\":{\"sum\":\"500000\",\"hash\":\"fa65f883887e09de4edd6806511c645d09d9a7b93065f4b83a6cf4d43561e28c\"}},\"right\":{\"data\":{\"sum\":\"9500\",\"nonce\":\"20438348915b9248e9bc211f87f83e4b\",\"user\":\"info.viralwork@gmail.com\"}}}}}}','2018-10-21 04:00:10','2018-10-21 04:00:10','9500'),(746,144,29,'{\"partial_tree\":{\"left\":{\"data\":{\"sum\":\"1010000\",\"hash\":\"3ba48f1a501f168b1f466de3aa9913e2f3cd79c696575d9aeeb23b529a3fe9b7\"}},\"right\":{\"right\":{\"data\":{\"sum\":\"0\",\"hash\":\"d487c3b987c6e4c2b1202a39e67649406eecc674090e632683d3f0874c2d495e\"}},\"left\":{\"data\":{\"sum\":\"0\",\"nonce\":\"5f85174ee51c99d6e83b65c9dd0dbed1\",\"user\":\"achmadzaini090@gmail.com\"}}}}}','2018-10-21 04:00:10','2018-10-21 04:00:10','0'),(747,144,36,'{\"partial_tree\":{\"left\":{\"data\":{\"sum\":\"1010000\",\"hash\":\"3ba48f1a501f168b1f466de3aa9913e2f3cd79c696575d9aeeb23b529a3fe9b7\"}},\"right\":{\"left\":{\"data\":{\"sum\":\"0\",\"hash\":\"f90a7d036aa5ea90a5fc9bf49b6fe090966524a80f53df61e82bd679c0878d30\"}},\"right\":{\"data\":{\"sum\":\"0\",\"nonce\":\"8a98ec1ac2ebc5a22f6c4d59f77f88e2\",\"user\":\"testagain@mailinator.com\"}}}}}','2018-10-21 04:00:10','2018-10-21 04:00:10','0'),(748,145,2,'{\"partial_tree\":{\"right\":{\"data\":{\"sum\":\"0\",\"hash\":\"d8467732d1f18777e073d757e729663e014dfed46f4e5b1ad23bbfb146556acc\"}},\"left\":{\"right\":{\"data\":{\"sum\":\"0.000996\",\"hash\":\"d6095c31c732b0efef500a90e2d82221c41a83f14f6f63882432689d75879d42\"}},\"left\":{\"right\":{\"data\":{\"sum\":\"0.0035267936\",\"hash\":\"ce37dd652c64dfacd973bf216f9883bd94b0c34ca658df287617206171fabefe\"}},\"left\":{\"data\":{\"sum\":\"0.0000141664\",\"nonce\":\"ed699cdc9bbdc0b1aad4014aa7283485\",\"user\":\"admin@ebull.com\"}}}}}}','2018-10-21 04:00:10','2018-10-21 04:00:10','0.0000141664'),(749,145,9,'{\"partial_tree\":{\"right\":{\"data\":{\"sum\":\"0\",\"hash\":\"d8467732d1f18777e073d757e729663e014dfed46f4e5b1ad23bbfb146556acc\"}},\"left\":{\"right\":{\"data\":{\"sum\":\"0.000996\",\"hash\":\"d6095c31c732b0efef500a90e2d82221c41a83f14f6f63882432689d75879d42\"}},\"left\":{\"left\":{\"data\":{\"sum\":\"0.0000141664\",\"hash\":\"6069695c3fa7527976b2390c1322d434cfdd3e1d46846eebde189acfc7001e9a\"}},\"right\":{\"data\":{\"sum\":\"0.0035267936\",\"nonce\":\"65c8fd7b8b176b2d9d2b21d07460be65\",\"user\":\"ravikaashg@gmail.com\"}}}}}}','2018-10-21 04:00:10','2018-10-21 04:00:10','0.0035267936'),(750,145,16,'{\"partial_tree\":{\"right\":{\"data\":{\"sum\":\"0\",\"hash\":\"d8467732d1f18777e073d757e729663e014dfed46f4e5b1ad23bbfb146556acc\"}},\"left\":{\"left\":{\"data\":{\"sum\":\"0.00354096\",\"hash\":\"4f05c5ed3d1f5ca0df4f1560d7d11d4afdf5d677052c9b4b5b4ba9727cf5d5dc\"}},\"right\":{\"right\":{\"data\":{\"sum\":\"0.000996\",\"hash\":\"d4975b6f6cafef2f59b8011cc5764af91a4e2cd46ce5aba74848a6246c18ec9a\"}},\"left\":{\"data\":{\"sum\":\"0\",\"nonce\":\"9e3a240e9619ae31603579fc2e11a11f\",\"user\":\"johnisback@mailinator.com\"}}}}}}','2018-10-21 04:00:10','2018-10-21 04:00:10','0'),(751,145,23,'{\"partial_tree\":{\"right\":{\"data\":{\"sum\":\"0\",\"hash\":\"d8467732d1f18777e073d757e729663e014dfed46f4e5b1ad23bbfb146556acc\"}},\"left\":{\"left\":{\"data\":{\"sum\":\"0.00354096\",\"hash\":\"4f05c5ed3d1f5ca0df4f1560d7d11d4afdf5d677052c9b4b5b4ba9727cf5d5dc\"}},\"right\":{\"left\":{\"data\":{\"sum\":\"0\",\"hash\":\"e62c5daa7da2f0b69e62ab55d2e924600afd18b7dbc6240791f4f4f77b3083ae\"}},\"right\":{\"data\":{\"sum\":\"0.000996\",\"nonce\":\"d5181976e09359daee6c2045621cdba3\",\"user\":\"info.viralwork@gmail.com\"}}}}}}','2018-10-21 04:00:10','2018-10-21 04:00:10','0.000996'),(752,145,30,'{\"partial_tree\":{\"left\":{\"data\":{\"sum\":\"0.00453696\",\"hash\":\"ccdb4ee3b291a2e8e61cd247c1a215812e6dd8978e977388c3fbf507b4dc6dc5\"}},\"right\":{\"right\":{\"data\":{\"sum\":\"0\",\"hash\":\"25fd087c33b25773db8642fd752d75ed572e500f64e519b5596844ff610cfaeb\"}},\"left\":{\"data\":{\"sum\":\"0\",\"nonce\":\"d06cbf9b4ffc88744cb3c3537c389a67\",\"user\":\"achmadzaini090@gmail.com\"}}}}}','2018-10-21 04:00:10','2018-10-21 04:00:10','0'),(753,145,37,'{\"partial_tree\":{\"left\":{\"data\":{\"sum\":\"0.00453696\",\"hash\":\"ccdb4ee3b291a2e8e61cd247c1a215812e6dd8978e977388c3fbf507b4dc6dc5\"}},\"right\":{\"left\":{\"data\":{\"sum\":\"0\",\"hash\":\"dafe580015e96ff4e6500b4640bee1bdcc4bc63fe238bf12cab37407fd3250a1\"}},\"right\":{\"data\":{\"sum\":\"0\",\"nonce\":\"8e7026b19fa265cc55687ca5c6d4a4a6\",\"user\":\"testagain@mailinator.com\"}}}}}','2018-10-21 04:00:10','2018-10-21 04:00:10','0'),(754,146,1,'{\"partial_tree\":{\"right\":{\"data\":{\"sum\":\"0\",\"hash\":\"6336a4d2fec20d04989d33b56ca4cde3d0b794e8c6b0634fd4283fefe449a10c\"}},\"left\":{\"right\":{\"data\":{\"sum\":\"509500\",\"hash\":\"7746393cdc48373a0090843770c721dc77064cf27e520c1c8e689020881ad575\"}},\"left\":{\"right\":{\"data\":{\"sum\":\"700.8159937\",\"hash\":\"c94e9998f2cb1775e713f02ffb64d9cb59fc53948cb4e3ff65d490ddc7463d5e\"}},\"left\":{\"data\":{\"sum\":\"499799.1840063\",\"nonce\":\"ebca6e2c973379770b092b29294cc412\",\"user\":\"admin@ebull.com\"}}}}}}','2018-10-25 04:00:10','2018-10-25 04:00:10','499799.1840063'),(755,146,8,'{\"partial_tree\":{\"right\":{\"data\":{\"sum\":\"0\",\"hash\":\"6336a4d2fec20d04989d33b56ca4cde3d0b794e8c6b0634fd4283fefe449a10c\"}},\"left\":{\"right\":{\"data\":{\"sum\":\"509500\",\"hash\":\"7746393cdc48373a0090843770c721dc77064cf27e520c1c8e689020881ad575\"}},\"left\":{\"left\":{\"data\":{\"sum\":\"499799.1840063\",\"hash\":\"d29d29acc3fc249c61be18e37cdf09969435778950a7b247262b582f040c6e83\"}},\"right\":{\"data\":{\"sum\":\"700.8159937\",\"nonce\":\"0d5ba3823311e806ab15a98300615814\",\"user\":\"ravikaashg@gmail.com\"}}}}}}','2018-10-25 04:00:10','2018-10-25 04:00:10','700.8159937'),(756,146,15,'{\"partial_tree\":{\"right\":{\"data\":{\"sum\":\"0\",\"hash\":\"6336a4d2fec20d04989d33b56ca4cde3d0b794e8c6b0634fd4283fefe449a10c\"}},\"left\":{\"left\":{\"data\":{\"sum\":\"500500\",\"hash\":\"10e76ab344a83d14c3e6fc48ea8e10f4730198dd6ee271ebe32718220741763e\"}},\"right\":{\"right\":{\"data\":{\"sum\":\"9500\",\"hash\":\"83aa657bd14217932b71536be1ac634f549a60d3b283ad56340a537fc9c905e4\"}},\"left\":{\"data\":{\"sum\":\"500000\",\"nonce\":\"d1a6aed86802035d16aa0f607d754369\",\"user\":\"johnisback@mailinator.com\"}}}}}}','2018-10-25 04:00:10','2018-10-25 04:00:10','500000'),(757,146,22,'{\"partial_tree\":{\"right\":{\"data\":{\"sum\":\"0\",\"hash\":\"6336a4d2fec20d04989d33b56ca4cde3d0b794e8c6b0634fd4283fefe449a10c\"}},\"left\":{\"left\":{\"data\":{\"sum\":\"500500\",\"hash\":\"10e76ab344a83d14c3e6fc48ea8e10f4730198dd6ee271ebe32718220741763e\"}},\"right\":{\"left\":{\"data\":{\"sum\":\"500000\",\"hash\":\"945bca524182d7574cf3a80ff168ccac6c268b3df577542a7ead7d66134bb6ab\"}},\"right\":{\"data\":{\"sum\":\"9500\",\"nonce\":\"17ceb14c81387cddb86935866a91da03\",\"user\":\"info.viralwork@gmail.com\"}}}}}}','2018-10-25 04:00:10','2018-10-25 04:00:10','9500'),(758,146,29,'{\"partial_tree\":{\"left\":{\"data\":{\"sum\":\"1010000\",\"hash\":\"3d1df0dc8e743f7dc7b6e49b0769f6303b98a4ba993442c2beca314b7f5ee9f9\"}},\"right\":{\"right\":{\"data\":{\"sum\":\"0\",\"hash\":\"1dd7341fd973e962dc792a181381ea79262de6fb74c7382dfd02eed80c013faf\"}},\"left\":{\"data\":{\"sum\":\"0\",\"nonce\":\"e73cd8db6e78a6f331a45e61a911f9e3\",\"user\":\"achmadzaini090@gmail.com\"}}}}}','2018-10-25 04:00:10','2018-10-25 04:00:10','0'),(759,146,36,'{\"partial_tree\":{\"left\":{\"data\":{\"sum\":\"1010000\",\"hash\":\"3d1df0dc8e743f7dc7b6e49b0769f6303b98a4ba993442c2beca314b7f5ee9f9\"}},\"right\":{\"left\":{\"data\":{\"sum\":\"0\",\"hash\":\"537ab4fc532fd6ab803e44c595a129b3557bb66c1093f097ae13e35040c6a73c\"}},\"right\":{\"data\":{\"sum\":\"0\",\"nonce\":\"f65c2367875817cc7f0ed13c37808f35\",\"user\":\"testagain@mailinator.com\"}}}}}','2018-10-25 04:00:10','2018-10-25 04:00:10','0'),(760,147,2,'{\"partial_tree\":{\"right\":{\"data\":{\"sum\":\"0\",\"hash\":\"1c1d97386eb2d274c00cc3721502c167bb135a3b5b57b8ed9642329fce0ee76d\"}},\"left\":{\"right\":{\"data\":{\"sum\":\"0.000996\",\"hash\":\"3765bc3e625472ba057919758d0bb7912cc24eb6072a19a22d61249c73eca0f3\"}},\"left\":{\"right\":{\"data\":{\"sum\":\"0.0035267936\",\"hash\":\"6541b8fffd794433d28f5e1dedfbe902682f81f81525d29dd3f88330311dec7c\"}},\"left\":{\"data\":{\"sum\":\"0.0000141664\",\"nonce\":\"cf89e8092dfa84de593c21814f162c04\",\"user\":\"admin@ebull.com\"}}}}}}','2018-10-25 04:00:10','2018-10-25 04:00:10','0.0000141664'),(761,147,9,'{\"partial_tree\":{\"right\":{\"data\":{\"sum\":\"0\",\"hash\":\"1c1d97386eb2d274c00cc3721502c167bb135a3b5b57b8ed9642329fce0ee76d\"}},\"left\":{\"right\":{\"data\":{\"sum\":\"0.000996\",\"hash\":\"3765bc3e625472ba057919758d0bb7912cc24eb6072a19a22d61249c73eca0f3\"}},\"left\":{\"left\":{\"data\":{\"sum\":\"0.0000141664\",\"hash\":\"1e35d03a6f7ba31ecd124c8aa6afd1ee4a7d7c67254b001a96ddac87acb2d6e7\"}},\"right\":{\"data\":{\"sum\":\"0.0035267936\",\"nonce\":\"ce0a95f9af12dcb58ae44fa7e2140864\",\"user\":\"ravikaashg@gmail.com\"}}}}}}','2018-10-25 04:00:10','2018-10-25 04:00:10','0.0035267936'),(762,147,16,'{\"partial_tree\":{\"right\":{\"data\":{\"sum\":\"0\",\"hash\":\"1c1d97386eb2d274c00cc3721502c167bb135a3b5b57b8ed9642329fce0ee76d\"}},\"left\":{\"left\":{\"data\":{\"sum\":\"0.00354096\",\"hash\":\"3736dabb5dcf56a23439b0952ec739e9fadf388b77003a0b0b04c5289d7fd0fc\"}},\"right\":{\"right\":{\"data\":{\"sum\":\"0.000996\",\"hash\":\"b38d00b3e932b8c6fa3294fcb9075c61fd49195aaa64b949cef6c342b898f6dd\"}},\"left\":{\"data\":{\"sum\":\"0\",\"nonce\":\"72c91b1441201190fd6ac87f9ae9dfe6\",\"user\":\"johnisback@mailinator.com\"}}}}}}','2018-10-25 04:00:10','2018-10-25 04:00:10','0'),(763,147,23,'{\"partial_tree\":{\"right\":{\"data\":{\"sum\":\"0\",\"hash\":\"1c1d97386eb2d274c00cc3721502c167bb135a3b5b57b8ed9642329fce0ee76d\"}},\"left\":{\"left\":{\"data\":{\"sum\":\"0.00354096\",\"hash\":\"3736dabb5dcf56a23439b0952ec739e9fadf388b77003a0b0b04c5289d7fd0fc\"}},\"right\":{\"left\":{\"data\":{\"sum\":\"0\",\"hash\":\"7051df5e514349ee1c6e97c9ff8aa015206f6d7b48f872646547025caf3edc76\"}},\"right\":{\"data\":{\"sum\":\"0.000996\",\"nonce\":\"bacda8b7b1d6ac9a943c18981039536c\",\"user\":\"info.viralwork@gmail.com\"}}}}}}','2018-10-25 04:00:10','2018-10-25 04:00:10','0.000996'),(764,147,30,'{\"partial_tree\":{\"left\":{\"data\":{\"sum\":\"0.00453696\",\"hash\":\"d378c393129b33a711cbcd8f2b7ee7303128dfe4d593891147c3318259bfcd4e\"}},\"right\":{\"right\":{\"data\":{\"sum\":\"0\",\"hash\":\"e9a753e2d3e9390760eb0eb9f1b4f35bddc833d8518533e080c1ab4ded48d718\"}},\"left\":{\"data\":{\"sum\":\"0\",\"nonce\":\"70e4957bb10a3ecdd2e352fe874c6d6d\",\"user\":\"achmadzaini090@gmail.com\"}}}}}','2018-10-25 04:00:10','2018-10-25 04:00:10','0'),(765,147,37,'{\"partial_tree\":{\"left\":{\"data\":{\"sum\":\"0.00453696\",\"hash\":\"d378c393129b33a711cbcd8f2b7ee7303128dfe4d593891147c3318259bfcd4e\"}},\"right\":{\"left\":{\"data\":{\"sum\":\"0\",\"hash\":\"5251ea4d0cdbb8a8633820b5e73a5ff425e6e910d63a230aeb6d31c9cebe2943\"}},\"right\":{\"data\":{\"sum\":\"0\",\"nonce\":\"22fdc7f3abcdf4a9834b0a2814c030ee\",\"user\":\"testagain@mailinator.com\"}}}}}','2018-10-25 04:00:10','2018-10-25 04:00:10','0');
/*!40000 ALTER TABLE `partial_trees` ENABLE KEYS */;
UNLOCK TABLES;

--
-- Table structure for table `payment_addresses`
--

DROP TABLE IF EXISTS `payment_addresses`;
/*!40101 SET @saved_cs_client     = @@character_set_client */;
/*!40101 SET character_set_client = utf8 */;
CREATE TABLE `payment_addresses` (
  `id` int(11) NOT NULL AUTO_INCREMENT,
  `account_id` int(11) DEFAULT NULL,
  `address` varchar(255) COLLATE utf8_unicode_ci DEFAULT NULL,
  `created_at` datetime DEFAULT NULL,
  `updated_at` datetime DEFAULT NULL,
  `currency` int(11) DEFAULT NULL,
  `tag` varchar(255) COLLATE utf8_unicode_ci DEFAULT NULL,
  PRIMARY KEY (`id`)
) ENGINE=InnoDB AUTO_INCREMENT=22 DEFAULT CHARSET=utf8 COLLATE=utf8_unicode_ci;
/*!40101 SET character_set_client = @saved_cs_client */;

--
-- Dumping data for table `payment_addresses`
--

LOCK TABLES `payment_addresses` WRITE;
/*!40000 ALTER TABLE `payment_addresses` DISABLE KEYS */;
INSERT INTO `payment_addresses` VALUES (1,2,'3NKVwDSBKNxDQDC8cjCKX66xHyxJUmHmLJ','2018-09-01 14:55:03','2018-09-01 14:55:03',2,NULL),(2,4,'LfFU5ZZBsKfdMZZZqFbiqMKDfPfKXFXsKc','2018-09-01 14:55:15','2018-09-01 14:55:15',5,NULL),(3,5,'16oF4e3jGZ3Qn3xp7JohhgARry5zQshyes','2018-09-01 14:55:22','2018-09-01 14:55:22',6,NULL),(4,9,'3JPHph72kFJ22qq98SM4JV2vvBh61tLfx1','2018-09-03 18:06:28','2018-09-03 18:06:28',2,NULL),(5,12,'16gMuLHXKeGm8vWpjhY3qQPqTYDGvXPg9z','2018-09-03 18:06:36','2018-09-03 18:06:36',6,NULL),(6,11,'LbRVUV4gqdAG6Ss7sarKB8cJGrHPt3ZS82','2018-09-19 17:29:45','2018-09-19 17:29:45',5,NULL),(11,3,'0xa6e13b7bd680467055e6a90d5155a32551bee815','2018-09-20 10:10:01','2018-09-20 10:10:04',3,NULL),(12,7,'0xc6a8408e0f808963df64eb56d82dacea78394f78','2018-09-20 10:12:14','2018-09-20 10:12:16',12,NULL),(13,6,'r3TH58bD7HoaonVxVUcGkGjN8qH6ugjGCS','2018-09-24 06:56:33','2018-09-24 06:56:33',9,'58835583'),(14,37,'3KEFvhBuiakjDnoMEJrVt2mjTrjSK3BB1q','2018-09-24 13:39:28','2018-09-24 13:39:28',2,NULL),(15,40,'1HMCPf4npZX5exkDgnLF3hLTq9xbK85oFE','2018-09-24 13:43:16','2018-09-24 13:43:17',6,NULL),(16,39,'LUtSxBA9j7ZJAbUdpeoYvprTq7yeuuD34p','2018-09-24 13:43:20','2018-09-24 13:43:20',5,NULL),(17,41,'r3TH58bD7HoaonVxVUcGkGjN8qH6ugjGCS','2018-09-24 13:43:24','2018-09-24 13:43:25',9,'34599767'),(18,38,'0x8ac3a98ba9dbbc8dd1d23d79cb9ea5e774c2107c','2018-09-24 13:50:47','2018-09-24 13:50:58',3,NULL),(19,10,'0x7cd47e8540832b2863c8abde069e818ddd37eabb','2018-09-25 02:07:11','2018-09-25 02:07:18',3,NULL),(20,13,'r3TH58bD7HoaonVxVUcGkGjN8qH6ugjGCS','2018-09-25 02:07:38','2018-09-25 02:07:38',9,'53679222'),(21,14,'0xb432cff468e279468a0bc3fdccc15c0fd6ad282a','2018-09-25 02:50:44','2018-09-25 02:50:55',12,NULL);
/*!40000 ALTER TABLE `payment_addresses` ENABLE KEYS */;
UNLOCK TABLES;

--
-- Table structure for table `payment_transactions`
--

DROP TABLE IF EXISTS `payment_transactions`;
/*!40101 SET @saved_cs_client     = @@character_set_client */;
/*!40101 SET character_set_client = utf8 */;
CREATE TABLE `payment_transactions` (
  `id` int(11) NOT NULL AUTO_INCREMENT,
  `txid` varchar(255) COLLATE utf8_unicode_ci DEFAULT NULL,
  `amount` decimal(32,16) DEFAULT NULL,
  `confirmations` int(11) DEFAULT NULL,
  `address` varchar(255) COLLATE utf8_unicode_ci DEFAULT NULL,
  `tag` varchar(255) COLLATE utf8_unicode_ci DEFAULT NULL,
  `state` int(11) DEFAULT NULL,
  `aasm_state` varchar(255) COLLATE utf8_unicode_ci DEFAULT NULL,
  `created_at` datetime DEFAULT NULL,
  `updated_at` datetime DEFAULT NULL,
  `receive_at` datetime DEFAULT NULL,
  `dont_at` datetime DEFAULT NULL,
  `currency` int(11) DEFAULT NULL,
  `type` varchar(60) COLLATE utf8_unicode_ci DEFAULT NULL,
  `txout` int(11) DEFAULT NULL,
  PRIMARY KEY (`id`),
  KEY `index_payment_transactions_on_type` (`type`),
  KEY `index_payment_transactions_on_txid_and_txout` (`txid`,`txout`)
) ENGINE=InnoDB AUTO_INCREMENT=4 DEFAULT CHARSET=utf8 COLLATE=utf8_unicode_ci;
/*!40101 SET character_set_client = @saved_cs_client */;

--
-- Dumping data for table `payment_transactions`
--

LOCK TABLES `payment_transactions` WRITE;
/*!40000 ALTER TABLE `payment_transactions` DISABLE KEYS */;
INSERT INTO `payment_transactions` VALUES (1,'b821c4cfd200afb76fc007e0652bd1f63dabc850dd50cd9447e609daee15e949',0.0038917800000000,3,'3JPHph72kFJ22qq98SM4JV2vvBh61tLfx1',NULL,NULL,'confirmed','2018-09-03 18:10:03','2018-09-03 18:33:55','2018-09-03 18:09:15',NULL,2,'PaymentTransaction::Normal',0),(2,'617a306833529a708dab9818e22b14d54cdf3cb000d38d26e08dd84015d88f7e',0.0036436800000000,3,'3JPHph72kFJ22qq98SM4JV2vvBh61tLfx1',NULL,NULL,'confirmed','2018-09-05 05:16:45','2018-09-05 05:51:05','2018-09-05 05:16:37',NULL,2,'PaymentTransaction::Normal',0),(3,'BAC3CD5234B54E8EBE4FF8F1EA4B518C57A3377547733A75C0E5F1278CB3A4E9',21.7500000000000000,2,'r3TH58bD7HoaonVxVUcGkGjN8qH6ugjGCS','58835583',NULL,'confirmed','2018-09-27 16:09:21','2018-09-27 16:09:24','2018-09-27 16:09:10',NULL,9,'PaymentTransaction::Normal',0);
/*!40000 ALTER TABLE `payment_transactions` ENABLE KEYS */;
UNLOCK TABLES;

--
-- Table structure for table `proofs`
--

DROP TABLE IF EXISTS `proofs`;
/*!40101 SET @saved_cs_client     = @@character_set_client */;
/*!40101 SET character_set_client = utf8 */;
CREATE TABLE `proofs` (
  `id` int(11) NOT NULL AUTO_INCREMENT,
  `root` varchar(255) COLLATE utf8_unicode_ci DEFAULT NULL,
  `currency` int(11) DEFAULT NULL,
  `ready` tinyint(1) DEFAULT '0',
  `created_at` datetime DEFAULT NULL,
  `updated_at` datetime DEFAULT NULL,
  `sum` varchar(255) COLLATE utf8_unicode_ci DEFAULT NULL,
  `addresses` text COLLATE utf8_unicode_ci,
  `balance` varchar(30) COLLATE utf8_unicode_ci DEFAULT NULL,
  PRIMARY KEY (`id`)
) ENGINE=InnoDB AUTO_INCREMENT=148 DEFAULT CHARSET=utf8 COLLATE=utf8_unicode_ci;
/*!40101 SET character_set_client = @saved_cs_client */;

--
-- Dumping data for table `proofs`
--

LOCK TABLES `proofs` WRITE;
/*!40000 ALTER TABLE `proofs` DISABLE KEYS */;
INSERT INTO `proofs` VALUES (138,'{\"root\":{\"hash\":\"8e16125a14e591cda5323aace6f23a699e7294c106bc1c811d4a64772c59b3cd\",\"sum\":\"0\"},\"currency\":\"ETH\",\"timestamp\":1539835210038.5854}',3,0,'2018-10-18 04:00:10','2018-10-18 04:00:10','0','null',NULL),(139,'{\"root\":{\"hash\":\"284482af19c6595ef96eb46ff924cc6ca9196efaf78fd645dc1834bb62dba221\",\"sum\":\"1010000\"},\"currency\":\"INR\",\"timestamp\":1539921612055.2524}',1,1,'2018-10-19 04:00:12','2018-10-19 04:00:12','1010000','null',NULL),(140,'{\"root\":{\"hash\":\"42cb3f3cc537119102411641417eb2606a9a3a2d27d8786c44853925dce0facd\",\"sum\":\"0.00453696\"},\"currency\":\"BTC\",\"timestamp\":1539921612126.3694}',2,1,'2018-10-19 04:00:12','2018-10-19 04:00:12','0.00453696','[]',NULL),(141,'{\"root\":{\"hash\":\"c817fe0153af56d665e31172b390f6303178b72b81ee491577c1f54069057a07\",\"sum\":\"0\"},\"currency\":\"ETH\",\"timestamp\":1539921612233.4563}',3,0,'2018-10-19 04:00:12','2018-10-19 04:00:12','0','null',NULL),(142,'{\"root\":{\"hash\":\"2de992942156d31579279d7bf53099d2abcf51099f53cc61cccd5f017bc6f6cf\",\"sum\":\"1010000\"},\"currency\":\"INR\",\"timestamp\":1540008011909.3777}',1,1,'2018-10-20 04:00:11','2018-10-20 04:00:11','1010000','null',NULL),(143,'{\"root\":{\"hash\":\"75f9e806635c243299a9cf7b32ffcb2c11a7c363a217dbb45e138fa24007f0b4\",\"sum\":\"0.00453696\"},\"currency\":\"BTC\",\"timestamp\":1540008011974.2458}',2,0,'2018-10-20 04:00:11','2018-10-20 04:00:11','0.00453696','null',NULL),(144,'{\"root\":{\"hash\":\"9148d29e487b43c3e368fd313a89f6d88f4c4d97b299e3241ccbdb1c9c423a46\",\"sum\":\"1010000\"},\"currency\":\"INR\",\"timestamp\":1540094410716.171}',1,1,'2018-10-21 04:00:10','2018-10-21 04:00:10','1010000','null',NULL),(145,'{\"root\":{\"hash\":\"4e09447ab7e1f792fe19f4526c23e497fe9a99276d07debf8ec2c0ee5c4acdc7\",\"sum\":\"0.00453696\"},\"currency\":\"BTC\",\"timestamp\":1540094410791.9075}',2,0,'2018-10-21 04:00:10','2018-10-21 04:00:10','0.00453696','null',NULL),(146,'{\"root\":{\"hash\":\"ed21fb75d7ca23ece79feadb4e06f882d723cbf7761e8449a6033762de42a53d\",\"sum\":\"1010000\"},\"currency\":\"INR\",\"timestamp\":1540440010488.872}',1,1,'2018-10-25 04:00:10','2018-10-25 04:00:10','1010000','null',NULL),(147,'{\"root\":{\"hash\":\"0105bfaabb203869ff83c224dccd41c46c7990cc302fd18dc1b30d25db63c1bc\",\"sum\":\"0.00453696\"},\"currency\":\"BTC\",\"timestamp\":1540440010562.8867}',2,0,'2018-10-25 04:00:10','2018-10-25 04:00:10','0.00453696','null',NULL);
/*!40000 ALTER TABLE `proofs` ENABLE KEYS */;
UNLOCK TABLES;

--
-- Table structure for table `read_marks`
--

DROP TABLE IF EXISTS `read_marks`;
/*!40101 SET @saved_cs_client     = @@character_set_client */;
/*!40101 SET character_set_client = utf8 */;
CREATE TABLE `read_marks` (
  `id` int(11) NOT NULL AUTO_INCREMENT,
  `readable_id` int(11) DEFAULT NULL,
  `member_id` int(11) NOT NULL,
  `readable_type` varchar(20) COLLATE utf8_unicode_ci NOT NULL,
  `timestamp` datetime DEFAULT NULL,
  PRIMARY KEY (`id`),
  KEY `index_read_marks_on_member_id` (`member_id`),
  KEY `index_read_marks_on_readable_type_and_readable_id` (`readable_type`,`readable_id`)
) ENGINE=InnoDB AUTO_INCREMENT=11 DEFAULT CHARSET=utf8 COLLATE=utf8_unicode_ci;
/*!40101 SET character_set_client = @saved_cs_client */;

--
-- Dumping data for table `read_marks`
--

LOCK TABLES `read_marks` WRITE;
/*!40000 ALTER TABLE `read_marks` DISABLE KEYS */;
INSERT INTO `read_marks` VALUES (1,NULL,18,'Comment','2018-09-03 18:05:12'),(2,NULL,18,'Ticket','2018-09-03 18:05:12'),(3,NULL,19,'Comment','2018-09-04 09:41:49'),(4,NULL,19,'Ticket','2018-09-04 09:41:49'),(5,NULL,20,'Comment','2018-09-05 06:02:38'),(6,NULL,20,'Ticket','2018-09-05 06:02:39'),(7,NULL,21,'Comment','2018-09-05 18:28:13'),(8,NULL,21,'Ticket','2018-09-05 18:28:13'),(9,NULL,22,'Comment','2018-09-24 13:37:46'),(10,NULL,22,'Ticket','2018-09-24 13:37:46');
/*!40000 ALTER TABLE `read_marks` ENABLE KEYS */;
UNLOCK TABLES;

--
-- Table structure for table `running_accounts`
--

DROP TABLE IF EXISTS `running_accounts`;
/*!40101 SET @saved_cs_client     = @@character_set_client */;
/*!40101 SET character_set_client = utf8 */;
CREATE TABLE `running_accounts` (
  `id` int(11) NOT NULL AUTO_INCREMENT,
  `category` int(11) DEFAULT NULL,
  `income` decimal(32,16) NOT NULL DEFAULT '0.0000000000000000',
  `expenses` decimal(32,16) NOT NULL DEFAULT '0.0000000000000000',
  `currency` int(11) DEFAULT NULL,
  `member_id` int(11) DEFAULT NULL,
  `source_id` int(11) DEFAULT NULL,
  `source_type` varchar(255) COLLATE utf8_unicode_ci DEFAULT NULL,
  `note` varchar(255) COLLATE utf8_unicode_ci DEFAULT NULL,
  `created_at` datetime DEFAULT NULL,
  `updated_at` datetime DEFAULT NULL,
  PRIMARY KEY (`id`),
  KEY `index_running_accounts_on_member_id` (`member_id`),
  KEY `index_running_accounts_on_source_id_and_source_type` (`source_id`,`source_type`)
) ENGINE=InnoDB DEFAULT CHARSET=utf8 COLLATE=utf8_unicode_ci;
/*!40101 SET character_set_client = @saved_cs_client */;

--
-- Dumping data for table `running_accounts`
--

LOCK TABLES `running_accounts` WRITE;
/*!40000 ALTER TABLE `running_accounts` DISABLE KEYS */;
/*!40000 ALTER TABLE `running_accounts` ENABLE KEYS */;
UNLOCK TABLES;

--
-- Table structure for table `schema_migrations`
--

DROP TABLE IF EXISTS `schema_migrations`;
/*!40101 SET @saved_cs_client     = @@character_set_client */;
/*!40101 SET character_set_client = utf8 */;
CREATE TABLE `schema_migrations` (
  `version` varchar(255) COLLATE utf8_unicode_ci NOT NULL,
  UNIQUE KEY `unique_schema_migrations` (`version`)
) ENGINE=InnoDB DEFAULT CHARSET=utf8 COLLATE=utf8_unicode_ci;
/*!40101 SET character_set_client = @saved_cs_client */;

--
-- Dumping data for table `schema_migrations`
--

LOCK TABLES `schema_migrations` WRITE;
/*!40000 ALTER TABLE `schema_migrations` DISABLE KEYS */;
INSERT INTO `schema_migrations` VALUES ('20130624011823'),('20130629015414'),('20130810162023'),('20130901010953'),('20130901154530'),('20130903080937'),('20130904215802'),('20130905025823'),('20130905132250'),('20130906073020'),('20130906073931'),('20130907110146'),('20130907124647'),('20130912144526'),('20130915150504'),('20130918143551'),('20130919091853'),('20130925154257'),('20130925165804'),('20130925171856'),('20130925175113'),('20130926011813'),('20130926014845'),('20130926075355'),('20130926170008'),('20130928080757'),('20130928113620'),('20130928122042'),('20130928165236'),('20130928190156'),('20130928194048'),('20130929012418'),('20130930172651'),('20130930183833'),('20131001103847'),('20131002012809'),('20131002190141'),('20131003003357'),('20131003021225'),('20131006183340'),('20131009132505'),('20131022035138'),('20131027012836'),('20131110214254'),('20131130190923'),('20131201011127'),('20131204020953'),('20131208012814'),('20131224162832'),('20140101175408'),('20140102024125'),('20140102172835'),('20140102172836'),('20140105034746'),('20140302094520'),('20140302094729'),('20140302161905'),('20140303060739'),('20140303080054'),('20140304015055'),('20140306020939'),('20140306021833'),('20140312061206'),('20140312071704'),('20140319022202'),('20140319022302'),('20140320142701'),('20140324060148'),('20140324062812'),('20140326170234'),('20140326191837'),('20140327044440'),('20140327062025'),('20140327065708'),('20140327105217'),('20140328101707'),('20140329070543'),('20140331084541'),('20140402043033'),('20140403031847'),('20140403070840'),('20140404074816'),('20140404101823'),('20140405053744'),('20140407011310'),('20140416143239'),('20140416143352'),('20140416151403'),('20140416194209'),('20140416194300'),('20140418082715'),('20140421061712'),('20140421080408'),('20140428203350'),('20140507120249'),('20140524014413'),('20140530133210'),('20140531054739'),('20140618004355'),('20140702035833'),('20140703065321'),('20140703070953'),('20140707115022'),('20140709084906'),('20140709085158'),('20140712030803'),('20140714143823'),('20140715002401'),('20140715040545'),('20140715083857'),('20140717033231'),('20140718134132'),('20140718141345'),('20140721125900'),('20140724033014'),('20140803202610'),('20140804002557'),('20140804151249'),('20140806141035'),('20140806141419'),('20140819085359'),('20140819090417'),('20140826083906'),('20140826093508'),('20140902112641'),('20140920062130'),('20141002075102'),('20141003040822'),('20141003061259'),('20141010083930'),('20141012124243'),('20141014085101'),('20141015034040'),('20141105023306'),('20141105090746'),('20141107031140'),('20141119155043'),('20141203042029'),('20141216120736'),('20150117151634'),('20150205011423'),('20150405053726'),('20170923121238'),('20170923121239'),('20170923121240'),('20170923121241'),('20171108132108'),('20171109084719'),('20171122125521'),('20171123052613'),('20171127045309'),('20171127083353'),('20171128051824'),('20171129095815'),('20171201063549'),('20171201063659'),('20171204093108'),('20171209105546'),('20171213045317'),('20171215130839'),('20171220045850'),('20171221061822'),('20171226101154'),('20171226121226'),('20171227072004'),('20171230092535'),('20180102102723'),('20180103061910'),('20180115083834'),('20180117110516'),('20180118091031'),('20180119063544'),('20180120060648'),('20180120111633'),('20180122104121'),('20180122105040'),('20180123051350'),('20180125055201'),('20180125060706'),('20180125111954'),('20180125112017'),('20180129091351'),('20180131142459'),('20180217063735'),('20180219130339'),('20180223092223'),('20180307093030'),('20180313054426'),('20180320084918'),('20180323055816'),('20180323062259'),('20180329122024'),('20180403052244'),('20180404063038'),('20180404090445'),('20180407111730'),('20180409062241'),('20180416130123'),('20180417050428'),('20180505055733'),('20180507091216'),('20180613102645'),('20180613102718'),('20180710060539'),('20180710122740');
/*!40000 ALTER TABLE `schema_migrations` ENABLE KEYS */;
UNLOCK TABLES;

--
-- Table structure for table `signup_histories`
--

DROP TABLE IF EXISTS `signup_histories`;
/*!40101 SET @saved_cs_client     = @@character_set_client */;
/*!40101 SET character_set_client = utf8 */;
CREATE TABLE `signup_histories` (
  `id` int(11) NOT NULL AUTO_INCREMENT,
  `member_id` int(11) DEFAULT NULL,
  `ip` varchar(255) COLLATE utf8_unicode_ci DEFAULT NULL,
  `accept_language` varchar(255) COLLATE utf8_unicode_ci DEFAULT NULL,
  `ua` varchar(255) COLLATE utf8_unicode_ci DEFAULT NULL,
  `created_at` datetime DEFAULT NULL,
  `city` varchar(255) COLLATE utf8_unicode_ci DEFAULT NULL,
  `country` varchar(255) COLLATE utf8_unicode_ci DEFAULT NULL,
  PRIMARY KEY (`id`),
  KEY `index_signup_histories_on_member_id` (`member_id`)
) ENGINE=InnoDB AUTO_INCREMENT=81 DEFAULT CHARSET=utf8 COLLATE=utf8_unicode_ci;
/*!40101 SET character_set_client = @saved_cs_client */;

--
-- Dumping data for table `signup_histories`
--

LOCK TABLES `signup_histories` WRITE;
/*!40000 ALTER TABLE `signup_histories` DISABLE KEYS */;
INSERT INTO `signup_histories` VALUES (1,1,'170.245.59.86','en-US,en;q=0.9','Mozilla/5.0 (Windows NT 10.0; Win64; x64) AppleWebKit/537.36 (KHTML, like Gecko) Chrome/68.0.3440.106 Safari/537.36','2018-09-03 18:04:13','','Honduras'),(2,18,'170.245.59.86','en-US,en;q=0.5','Mozilla/5.0 (Windows NT 10.0; Win64; x64; rv:61.0) Gecko/20100101 Firefox/61.0','2018-09-03 18:06:00','','Honduras'),(3,19,'49.249.249.230','en-GB,en;q=0.5','Mozilla/5.0 (X11; Ubuntu; Linux x86_64; rv:61.0) Gecko/20100101 Firefox/61.0','2018-09-04 09:42:17','','India'),(4,1,'170.245.59.86','en-US,en;q=0.9','Mozilla/5.0 (Windows NT 10.0; Win64; x64) AppleWebKit/537.36 (KHTML, like Gecko) Chrome/68.0.3440.106 Safari/537.36','2018-09-05 04:52:27','','Honduras'),(5,18,'170.245.59.86','en-US,en;q=0.5','Mozilla/5.0 (Windows NT 10.0; Win64; x64; rv:61.0) Gecko/20100101 Firefox/61.0','2018-09-05 04:52:44','','Honduras'),(6,21,'120.188.65.195','en-US,en;q=0.9','Mozilla/5.0 (Windows NT 6.2; Win64; x64) AppleWebKit/537.36 (KHTML, like Gecko) Chrome/68.0.3440.106 Safari/537.36','2018-09-05 18:29:24','Jakarta','Indonesia'),(7,1,'170.245.59.86','en-US,en;q=0.9','Mozilla/5.0 (Windows NT 10.0; Win64; x64) AppleWebKit/537.36 (KHTML, like Gecko) Chrome/69.0.3497.81 Safari/537.36','2018-09-06 04:07:06','','Honduras'),(8,18,'170.245.59.86','en-US,en;q=0.5','Mozilla/5.0 (Windows NT 10.0; Win64; x64; rv:62.0) Gecko/20100101 Firefox/62.0','2018-09-06 04:12:02','','Honduras'),(9,18,'170.245.59.86','en-US,en;q=0.5','Mozilla/5.0 (Windows NT 10.0; Win64; x64; rv:62.0) Gecko/20100101 Firefox/62.0','2018-09-06 04:12:46','','Honduras'),(10,1,'49.249.249.230','en-GB,en-US;q=0.9,en;q=0.8','Mozilla/5.0 (X11; Linux x86_64) AppleWebKit/537.36 (KHTML, like Gecko) Chrome/68.0.3440.106 Safari/537.36','2018-09-06 05:49:10','','India'),(11,19,'49.249.249.230','en-GB,en-US;q=0.9,en;q=0.8','Mozilla/5.0 (X11; Linux x86_64) AppleWebKit/537.36 (KHTML, like Gecko) Chrome/69.0.3497.81 Safari/537.36','2018-09-06 11:01:19','','India'),(12,1,'49.249.249.230','en-GB,en-US;q=0.9,en;q=0.8','Mozilla/5.0 (X11; Linux x86_64) AppleWebKit/537.36 (KHTML, like Gecko) Chrome/69.0.3497.81 Safari/537.36','2018-09-06 11:30:02','','India'),(13,20,'170.245.59.86','en-US,en;q=0.9','Mozilla/5.0 (Windows NT 10.0; Win64; x64) AppleWebKit/537.36 (KHTML, like Gecko) Chrome/69.0.3497.81 Safari/537.36','2018-09-07 16:56:28','','Honduras'),(14,20,'170.245.59.86','en-US,en;q=0.9','Mozilla/5.0 (Windows NT 10.0; Win64; x64) AppleWebKit/537.36 (KHTML, like Gecko) Chrome/69.0.3497.81 Safari/537.36','2018-09-07 16:56:51','','Honduras'),(15,1,'170.245.59.86','en-US,en;q=0.5','Mozilla/5.0 (Windows NT 10.0; Win64; x64; rv:62.0) Gecko/20100101 Firefox/62.0','2018-09-07 16:59:09','','Honduras'),(16,18,'192.42.116.26','en-US,en;q=0.5','Mozilla/5.0 (Windows NT 6.1; Win64; x64; rv:60.0) Gecko/20100101 Firefox/60.0','2018-09-07 17:06:24','Amsterdam','Netherlands'),(17,18,'185.220.101.32','en-US,en;q=0.5','Mozilla/5.0 (Windows NT 6.1; Win64; x64; rv:60.0) Gecko/20100101 Firefox/60.0','2018-09-07 17:07:42','Berlin','Germany'),(18,1,'49.249.249.230','en-US,en;q=0.9','Mozilla/5.0 (Windows NT 6.1; Win64; x64) AppleWebKit/537.36 (KHTML, like Gecko) Chrome/68.0.3440.106 Safari/537.36','2018-09-11 11:53:31','','India'),(19,18,'170.245.59.86','en-US,en;q=0.9','Mozilla/5.0 (Windows NT 10.0; Win64; x64) AppleWebKit/537.36 (KHTML, like Gecko) Chrome/69.0.3497.92 Safari/537.36','2018-09-13 20:55:47','','Honduras'),(20,18,'170.245.59.86','en-US,en;q=0.9','Mozilla/5.0 (Windows NT 10.0; Win64; x64) AppleWebKit/537.36 (KHTML, like Gecko) Chrome/69.0.3497.92 Safari/537.36','2018-09-13 20:56:28','','Honduras'),(21,1,'170.245.59.86','en-US,en;q=0.9','Mozilla/5.0 (Windows NT 10.0; Win64; x64) AppleWebKit/537.36 (KHTML, like Gecko) Chrome/69.0.3497.92 Safari/537.36','2018-09-13 21:33:27','','Honduras'),(22,1,'49.249.249.230','en-GB,en-US;q=0.9,en;q=0.8','Mozilla/5.0 (X11; Linux x86_64) AppleWebKit/537.36 (KHTML, like Gecko) Chrome/69.0.3497.92 Safari/537.36','2018-09-14 06:10:20','','India'),(23,1,'170.245.59.86','en-US,en;q=0.9','Mozilla/5.0 (Windows NT 10.0; Win64; x64) AppleWebKit/537.36 (KHTML, like Gecko) Chrome/69.0.3497.92 Safari/537.36','2018-09-15 03:45:26','','Honduras'),(24,1,'170.245.59.86','en-US,en;q=0.9','Mozilla/5.0 (Windows NT 10.0; Win64; x64) AppleWebKit/537.36 (KHTML, like Gecko) Chrome/69.0.3497.92 Safari/537.36','2018-09-16 17:06:42','','Honduras'),(25,18,'170.245.59.86','en-US,en;q=0.9','Mozilla/5.0 (Windows NT 10.0; Win64; x64) AppleWebKit/537.36 (KHTML, like Gecko) Chrome/69.0.3497.100 Safari/537.36','2018-09-19 17:27:38','','Honduras'),(26,18,'170.245.59.86','en-US,en;q=0.9','Mozilla/5.0 (Windows NT 10.0; Win64; x64) AppleWebKit/537.36 (KHTML, like Gecko) Chrome/69.0.3497.100 Safari/537.36','2018-09-19 17:28:13','','Honduras'),(27,1,'170.245.59.86','en-US,en;q=0.9','Mozilla/5.0 (Windows NT 10.0; Win64; x64) AppleWebKit/537.36 (KHTML, like Gecko) Chrome/69.0.3497.100 Safari/537.36','2018-09-19 17:44:10','','Honduras'),(28,1,'49.249.249.230','en-GB,en-US;q=0.9,en;q=0.8','Mozilla/5.0 (X11; Linux x86_64) AppleWebKit/537.36 (KHTML, like Gecko) Chrome/69.0.3497.92 Safari/537.36','2018-09-20 05:54:41','Gurgaon','India'),(29,1,'49.249.249.230','en-GB,en-US;q=0.9,en;q=0.8','Mozilla/5.0 (X11; Linux x86_64) AppleWebKit/537.36 (KHTML, like Gecko) Chrome/69.0.3497.92 Safari/537.36','2018-09-20 06:55:59','Gurgaon','India'),(30,19,'49.249.249.230','en-GB,en-US;q=0.9,en;q=0.8','Mozilla/5.0 (X11; Linux x86_64) AppleWebKit/537.36 (KHTML, like Gecko) Chrome/69.0.3497.92 Safari/537.36','2018-09-20 07:07:02','Gurgaon','India'),(31,1,'49.249.249.230','en-GB,en-US;q=0.9,en;q=0.8','Mozilla/5.0 (X11; Linux x86_64) AppleWebKit/537.36 (KHTML, like Gecko) Chrome/69.0.3497.92 Safari/537.36','2018-09-20 09:01:50','Gurgaon','India'),(32,18,'170.245.59.86','en-US,en;q=0.9','Mozilla/5.0 (Windows NT 10.0; Win64; x64) AppleWebKit/537.36 (KHTML, like Gecko) Chrome/69.0.3497.100 Safari/537.36','2018-09-21 03:02:01','','Honduras'),(33,18,'170.245.59.86','en-US,en;q=0.9','Mozilla/5.0 (Windows NT 10.0; Win64; x64) AppleWebKit/537.36 (KHTML, like Gecko) Chrome/69.0.3497.100 Safari/537.36','2018-09-21 03:02:57','','Honduras'),(34,18,'170.245.59.86','en-US,en;q=0.9','Mozilla/5.0 (Windows NT 10.0; Win64; x64) AppleWebKit/537.36 (KHTML, like Gecko) Chrome/69.0.3497.100 Safari/537.36','2018-09-21 03:06:00','','Honduras'),(35,18,'170.245.59.86','en-US,en;q=0.9','Mozilla/5.0 (Windows NT 10.0; Win64; x64) AppleWebKit/537.36 (KHTML, like Gecko) Chrome/69.0.3497.100 Safari/537.36','2018-09-21 03:08:10','','Honduras'),(36,18,'170.245.59.86','en-US,en;q=0.9','Mozilla/5.0 (Windows NT 10.0; Win64; x64) AppleWebKit/537.36 (KHTML, like Gecko) Chrome/69.0.3497.100 Safari/537.36','2018-09-21 03:10:48','','Honduras'),(37,1,'49.249.249.230','en-GB,en-US;q=0.9,en;q=0.8','Mozilla/5.0 (X11; Linux x86_64) AppleWebKit/537.36 (KHTML, like Gecko) Chrome/69.0.3497.100 Safari/537.36','2018-09-24 09:03:11','Gurgaon','India'),(38,1,'49.249.249.230','en-GB,en-US;q=0.9,en;q=0.8','Mozilla/5.0 (X11; Linux x86_64) AppleWebKit/537.36 (KHTML, like Gecko) Chrome/69.0.3497.100 Safari/537.36','2018-09-24 12:00:55','Gurgaon','India'),(39,22,'49.249.249.230','en-GB,en-US;q=0.9,en;q=0.8','Mozilla/5.0 (X11; Linux x86_64) AppleWebKit/537.36 (KHTML, like Gecko) Chrome/69.0.3497.100 Safari/537.36','2018-09-24 13:39:07','Gurgaon','India'),(40,1,'49.249.249.230','en-GB,en-US;q=0.9,en;q=0.8','Mozilla/5.0 (X11; Linux x86_64) AppleWebKit/537.36 (KHTML, like Gecko) Chrome/69.0.3497.100 Safari/537.36','2018-09-24 13:43:56','Gurgaon','India'),(41,18,'170.245.59.86','en-US,en;q=0.9','Mozilla/5.0 (Windows NT 10.0; Win64; x64) AppleWebKit/537.36 (KHTML, like Gecko) Chrome/69.0.3497.100 Safari/537.36','2018-09-24 22:38:26','','Honduras'),(42,18,'170.245.59.86','en-US,en;q=0.9','Mozilla/5.0 (Windows NT 10.0; Win64; x64) AppleWebKit/537.36 (KHTML, like Gecko) Chrome/69.0.3497.100 Safari/537.36','2018-09-24 22:56:51','','Honduras'),(43,18,'170.245.59.86','en-US,en;q=0.9','Mozilla/5.0 (Windows NT 10.0; Win64; x64) AppleWebKit/537.36 (KHTML, like Gecko) Chrome/69.0.3497.100 Safari/537.36','2018-09-26 05:48:44','','Honduras'),(44,18,'170.245.59.86','en-US,en;q=0.9','Mozilla/5.0 (Windows NT 10.0; Win64; x64) AppleWebKit/537.36 (KHTML, like Gecko) Chrome/69.0.3497.100 Safari/537.36','2018-09-26 05:49:38','','Honduras'),(45,1,'49.249.249.230','en-GB,en-US;q=0.9,en;q=0.8','Mozilla/5.0 (X11; Linux x86_64) AppleWebKit/537.36 (KHTML, like Gecko) Chrome/69.0.3497.100 Safari/537.36','2018-09-26 06:11:49','Gurgaon','India'),(46,1,'49.249.249.230','en-GB,en-US;q=0.9,en;q=0.8','Mozilla/5.0 (X11; Linux x86_64) AppleWebKit/537.36 (KHTML, like Gecko) Chrome/69.0.3497.100 Safari/537.36','2018-09-26 06:55:47','Gurgaon','India'),(47,1,'49.249.249.230','en-GB,en-US;q=0.9,en;q=0.8','Mozilla/5.0 (X11; Linux x86_64) AppleWebKit/537.36 (KHTML, like Gecko) Chrome/69.0.3497.100 Safari/537.36','2018-09-26 08:38:45','Gurgaon','India'),(48,22,'49.249.249.230','en-GB,en-US;q=0.9,en;q=0.8','Mozilla/5.0 (X11; Linux x86_64) AppleWebKit/537.36 (KHTML, like Gecko) Chrome/69.0.3497.100 Safari/537.36','2018-09-26 08:39:31','Gurgaon','India'),(49,22,'49.249.249.230','en-GB,en-US;q=0.9,en;q=0.8','Mozilla/5.0 (X11; Linux x86_64) AppleWebKit/537.36 (KHTML, like Gecko) Chrome/69.0.3497.100 Safari/537.36','2018-09-26 08:40:15','Gurgaon','India'),(50,22,'49.249.249.230','en-US,en;q=0.5','Mozilla/5.0 (X11; Ubuntu; Linux x86_64; rv:62.0) Gecko/20100101 Firefox/62.0','2018-09-26 08:41:02','Gurgaon','India'),(51,1,'49.249.249.230','en-US,en;q=0.5','Mozilla/5.0 (X11; Ubuntu; Linux x86_64; rv:62.0) Gecko/20100101 Firefox/62.0','2018-09-26 08:41:38','Gurgaon','India'),(52,22,'49.249.249.230','en-US,en;q=0.5','Mozilla/5.0 (X11; Ubuntu; Linux x86_64; rv:62.0) Gecko/20100101 Firefox/62.0','2018-09-26 08:42:34','Gurgaon','India'),(53,18,'170.245.59.86','en-US,en;q=0.9','Mozilla/5.0 (Windows NT 10.0; Win64; x64) AppleWebKit/537.36 (KHTML, like Gecko) Chrome/69.0.3497.100 Safari/537.36','2018-09-27 14:45:16','','Honduras'),(54,18,'170.245.59.86','en-US,en;q=0.9','Mozilla/5.0 (Windows NT 10.0; Win64; x64) AppleWebKit/537.36 (KHTML, like Gecko) Chrome/69.0.3497.100 Safari/537.36','2018-09-27 14:46:29','','Honduras'),(55,1,'170.245.59.86','en-US,en;q=0.9','Mozilla/5.0 (Windows NT 10.0; Win64; x64) AppleWebKit/537.36 (KHTML, like Gecko) Chrome/69.0.3497.100 Safari/537.36','2018-09-27 15:04:17','','Honduras'),(56,1,'49.249.249.230','en-GB,en-US;q=0.9,en;q=0.8','Mozilla/5.0 (X11; Linux x86_64) AppleWebKit/537.36 (KHTML, like Gecko) Chrome/69.0.3497.100 Safari/537.36','2018-09-29 13:32:27','Gurgaon','India'),(57,18,'138.117.96.16','en-US,en;q=0.9','Mozilla/5.0 (Windows NT 10.0; Win64; x64) AppleWebKit/537.36 (KHTML, like Gecko) Chrome/69.0.3497.100 Safari/537.36','2018-10-03 08:12:19','','Honduras'),(58,18,'138.117.96.16','en-US,en;q=0.9','Mozilla/5.0 (Windows NT 10.0; Win64; x64) AppleWebKit/537.36 (KHTML, like Gecko) Chrome/69.0.3497.100 Safari/537.36','2018-10-03 08:13:33','','Honduras'),(59,18,'138.117.96.16','en-US,en;q=0.9','Mozilla/5.0 (Windows NT 10.0; Win64; x64) AppleWebKit/537.36 (KHTML, like Gecko) Chrome/69.0.3497.100 Safari/537.36','2018-10-03 08:13:52','','Honduras'),(60,1,'138.117.96.16','en-US,en;q=0.9','Mozilla/5.0 (Windows NT 10.0; Win64; x64) AppleWebKit/537.36 (KHTML, like Gecko) Chrome/69.0.3497.100 Safari/537.36','2018-10-03 08:16:21','','Honduras'),(61,1,'49.249.249.230','en-GB,en-US;q=0.9,en;q=0.8','Mozilla/5.0 (X11; Linux x86_64) AppleWebKit/537.36 (KHTML, like Gecko) Chrome/69.0.3497.100 Safari/537.36','2018-10-03 08:19:21','Gurgaon','India'),(62,19,'49.249.249.230','en-GB,en-US;q=0.9,en;q=0.8','Mozilla/5.0 (X11; Linux x86_64) AppleWebKit/537.36 (KHTML, like Gecko) Chrome/69.0.3497.100 Safari/537.36','2018-10-03 08:20:09','Gurgaon','India'),(63,1,'138.117.96.16','en-US,en;q=0.9','Mozilla/5.0 (Windows NT 10.0; Win64; x64) AppleWebKit/537.36 (KHTML, like Gecko) Chrome/69.0.3497.100 Safari/537.36','2018-10-03 08:27:15','','Honduras'),(64,1,'49.249.249.230','en-GB,en-US;q=0.9,en;q=0.8','Mozilla/5.0 (X11; Linux x86_64) AppleWebKit/537.36 (KHTML, like Gecko) Chrome/69.0.3497.100 Safari/537.36','2018-10-03 09:12:17','Gurgaon','India'),(65,1,'49.249.249.230','en-GB,en-US;q=0.9,en;q=0.8','Mozilla/5.0 (X11; Linux x86_64) AppleWebKit/537.36 (KHTML, like Gecko) Chrome/64.0.3282.71 Safari/537.36','2018-10-03 09:55:17','Gurgaon','India'),(66,1,'49.249.249.230','en-US,en;q=0.5','Mozilla/5.0 (X11; Ubuntu; Linux x86_64; rv:57.0) Gecko/20100101 Firefox/57.0','2018-10-03 09:59:39','Gurgaon','India'),(67,1,'49.249.249.230','en-GB,en-US;q=0.9,en;q=0.8','Mozilla/5.0 (X11; Linux x86_64) AppleWebKit/537.36 (KHTML, like Gecko) Chrome/69.0.3497.100 Safari/537.36','2018-10-03 10:05:49','Gurgaon','India'),(68,1,'49.249.249.230','en-GB,en-US;q=0.9,en;q=0.8','Mozilla/5.0 (X11; Linux x86_64) AppleWebKit/537.36 (KHTML, like Gecko) Chrome/66.0.3359.139 Safari/537.36','2018-10-03 10:07:37','Gurgaon','India'),(69,1,'49.249.249.230','en-GB,en;q=0.9,en-US;q=0.8,zh-TW;q=0.7,zh;q=0.6','Mozilla/5.0 (X11; Linux x86_64) AppleWebKit/537.36 (KHTML, like Gecko) Chrome/69.0.3497.81 Safari/537.36','2018-10-03 10:09:05','Gurgaon','India'),(70,1,'49.249.249.230','en-GB,en-US;q=0.9,en;q=0.8','Mozilla/5.0 (X11; Linux x86_64) AppleWebKit/537.36 (KHTML, like Gecko) Chrome/67.0.3396.87 Safari/537.36','2018-10-03 10:10:36','Gurgaon','India'),(71,19,'49.249.249.230','en-GB,en-US;q=0.9,en;q=0.8','Mozilla/5.0 (X11; Linux x86_64) AppleWebKit/537.36 (KHTML, like Gecko) Chrome/67.0.3396.87 Safari/537.36','2018-10-03 10:11:22','Gurgaon','India'),(72,1,'49.249.249.230','en-US,en;q=0.5','Mozilla/5.0 (X11; Ubuntu; Linux x86_64; rv:58.0) Gecko/20100101 Firefox/58.0','2018-10-06 12:49:43','Gurgaon','India'),(73,1,'138.117.96.16','en-US,en;q=0.9','Mozilla/5.0 (Windows NT 10.0; Win64; x64) AppleWebKit/537.36 (KHTML, like Gecko) Chrome/69.0.3497.100 Safari/537.36','2018-10-07 05:52:17','','Honduras'),(74,1,'49.249.249.230','en-GB,en-US;q=0.9,en;q=0.8','Mozilla/5.0 (X11; Linux x86_64) AppleWebKit/537.36 (KHTML, like Gecko) Chrome/69.0.3497.100 Safari/537.36','2018-10-08 05:56:23','Gurgaon','India'),(75,18,'138.117.96.16','en-US,en;q=0.9','Mozilla/5.0 (Windows NT 10.0; Win64; x64) AppleWebKit/537.36 (KHTML, like Gecko) Chrome/69.0.3497.100 Safari/537.36','2018-10-10 16:25:47','','Honduras'),(76,18,'138.117.96.16','en-US,en;q=0.9','Mozilla/5.0 (Windows NT 10.0; Win64; x64) AppleWebKit/537.36 (KHTML, like Gecko) Chrome/69.0.3497.100 Safari/537.36','2018-10-10 16:26:07','','Honduras'),(77,1,'138.117.96.16','en-US,en;q=0.9','Mozilla/5.0 (Windows NT 10.0; Win64; x64) AppleWebKit/537.36 (KHTML, like Gecko) Chrome/69.0.3497.100 Safari/537.36','2018-10-10 16:32:11','','Honduras'),(78,1,'173.44.36.166','en-US,en;q=0.9','Mozilla/5.0 (Windows NT 10.0; Win64; x64) AppleWebKit/537.36 (KHTML, like Gecko) Chrome/69.0.3497.100 Safari/537.36','2018-10-15 05:29:42','Miami','United States'),(79,18,'138.117.96.12','en-US,en;q=0.9','Mozilla/5.0 (Windows NT 10.0; Win64; x64) AppleWebKit/537.36 (KHTML, like Gecko) Chrome/69.0.3497.100 Safari/537.36','2018-10-15 20:12:34','','Honduras'),(80,18,'138.117.96.12','en-US,en;q=0.9','Mozilla/5.0 (Windows NT 10.0; Win64; x64) AppleWebKit/537.36 (KHTML, like Gecko) Chrome/69.0.3497.100 Safari/537.36','2018-10-15 20:15:49','','Honduras');
/*!40000 ALTER TABLE `signup_histories` ENABLE KEYS */;
UNLOCK TABLES;

--
-- Table structure for table `simple_captcha_data`
--

DROP TABLE IF EXISTS `simple_captcha_data`;
/*!40101 SET @saved_cs_client     = @@character_set_client */;
/*!40101 SET character_set_client = utf8 */;
CREATE TABLE `simple_captcha_data` (
  `id` int(11) NOT NULL AUTO_INCREMENT,
  `key` varchar(40) COLLATE utf8_unicode_ci DEFAULT NULL,
  `value` varchar(6) COLLATE utf8_unicode_ci DEFAULT NULL,
  `created_at` datetime DEFAULT NULL,
  `updated_at` datetime DEFAULT NULL,
  PRIMARY KEY (`id`),
  KEY `idx_key` (`key`)
) ENGINE=InnoDB AUTO_INCREMENT=286 DEFAULT CHARSET=utf8 COLLATE=utf8_unicode_ci;
/*!40101 SET character_set_client = @saved_cs_client */;

--
-- Dumping data for table `simple_captcha_data`
--

LOCK TABLES `simple_captcha_data` WRITE;
/*!40000 ALTER TABLE `simple_captcha_data` DISABLE KEYS */;
INSERT INTO `simple_captcha_data` VALUES (272,'c8324931e66b1f521b2f0a3be0c9a0d8f7ea5108','XUUIZ','2018-10-16 12:34:47','2018-10-16 12:36:55'),(273,'eb038e8f47a8f322cac9cd3b657a5aff52a1e1cc','OMHTF','2018-10-16 21:38:33','2018-10-16 21:38:33'),(274,'baf1ad047ef8fa443de9e2bf8469a9f056f530e0','DGMFZ','2018-10-17 11:15:20','2018-10-17 11:15:31'),(275,'7bf7cbc583957a3471c1773776d053e3954ac283','KFAVM','2018-10-17 11:27:31','2018-10-17 11:27:31'),(276,'47503ee59c73150e014829de29b04754950d8a9d','PIAWG','2018-10-17 21:38:09','2018-10-17 21:38:09'),(277,'0076a3dbcfbfaaac2a33d41a9f27f18e33fb26ab','WWGUG','2018-10-18 06:46:35','2018-10-18 06:46:35'),(278,'1fd460c8ec5c44327c86129a29a4ac78f392afed','WQVYV','2018-10-18 10:00:09','2018-10-18 10:00:09'),(279,'f55ac20524bd6c0db63a4b1ab41c6e79bf31f145','ICTOT','2018-10-19 05:16:27','2018-10-19 05:16:27'),(280,'3ae1c3959dc8650a1798dc0053130e90b6a1a569','MVXMS','2018-10-19 06:12:38','2018-10-19 06:12:38'),(281,'cec27459aab281690bb810160db5ebe3fd83eb54','DAIDE','2018-10-19 06:39:46','2018-10-19 06:41:00'),(282,'8bd20098bbc71af512210d1b1a2ff12e54c2ed93','JCNZW','2018-10-19 06:41:47','2018-10-19 06:41:47'),(283,'d78631d82b01135231a48fb2f06eb0242d8ba790','ANKUH','2018-10-19 06:41:48','2018-10-19 06:41:48'),(284,'528ec084bc0059a0a513cd02aea6b0f1dfd45f84','TCCPM','2018-10-19 09:13:28','2018-10-19 09:13:28'),(285,'ab97eeeb4ffc0e86f80d8ecab5c07782c0ad0dc1','MYHUQ','2018-10-19 16:04:03','2018-10-19 16:04:41');
/*!40000 ALTER TABLE `simple_captcha_data` ENABLE KEYS */;
UNLOCK TABLES;

--
-- Table structure for table `social_links`
--

DROP TABLE IF EXISTS `social_links`;
/*!40101 SET @saved_cs_client     = @@character_set_client */;
/*!40101 SET character_set_client = utf8 */;
CREATE TABLE `social_links` (
  `id` int(11) NOT NULL AUTO_INCREMENT,
  `twitter_link` varchar(255) COLLATE utf8_unicode_ci DEFAULT NULL,
  `facebook_link` varchar(255) COLLATE utf8_unicode_ci DEFAULT NULL,
  `telegram_link` varchar(255) COLLATE utf8_unicode_ci DEFAULT NULL,
  `medium_link` varchar(255) COLLATE utf8_unicode_ci DEFAULT NULL,
  `created_at` datetime DEFAULT NULL,
  `updated_at` datetime DEFAULT NULL,
  PRIMARY KEY (`id`)
) ENGINE=InnoDB AUTO_INCREMENT=2 DEFAULT CHARSET=utf8 COLLATE=utf8_unicode_ci;
/*!40101 SET character_set_client = @saved_cs_client */;

--
-- Dumping data for table `social_links`
--

LOCK TABLES `social_links` WRITE;
/*!40000 ALTER TABLE `social_links` DISABLE KEYS */;
INSERT INTO `social_links` VALUES (1,'https://twitter.com/tradexic','https://www.facebook.com/tradexic','https://t.me/tradexic','https://medium.com/@tradexic','2018-04-28 05:34:29','2018-08-09 20:45:27');
/*!40000 ALTER TABLE `social_links` ENABLE KEYS */;
UNLOCK TABLES;

--
-- Table structure for table `static_pages`
--

DROP TABLE IF EXISTS `static_pages`;
/*!40101 SET @saved_cs_client     = @@character_set_client */;
/*!40101 SET character_set_client = utf8 */;
CREATE TABLE `static_pages` (
  `id` int(11) NOT NULL AUTO_INCREMENT,
  `title` varchar(255) COLLATE utf8_unicode_ci DEFAULT NULL,
  `slug` varchar(255) COLLATE utf8_unicode_ci DEFAULT NULL,
  `meta_title` varchar(500) COLLATE utf8_unicode_ci DEFAULT NULL,
  `meta_keywords` varchar(1000) COLLATE utf8_unicode_ci DEFAULT NULL,
  `meta_description` text COLLATE utf8_unicode_ci,
  `content` longtext COLLATE utf8_unicode_ci,
  `status` tinyint(1) DEFAULT '1',
  `created_at` datetime DEFAULT NULL,
  `updated_at` datetime DEFAULT NULL,
  PRIMARY KEY (`id`)
) ENGINE=InnoDB AUTO_INCREMENT=11 DEFAULT CHARSET=utf8 COLLATE=utf8_unicode_ci;
/*!40101 SET character_set_client = @saved_cs_client */;

--
-- Dumping data for table `static_pages`
--

LOCK TABLES `static_pages` WRITE;
/*!40000 ALTER TABLE `static_pages` DISABLE KEYS */;
INSERT INTO `static_pages` VALUES (1,'About US','about-us','About US','About Tradexic, about btc exchange, About bitcoin exchange, about crypto exchange  ','Tradexic Exchange is a market leader in Crypto currency landscape. We provide the simplest and trusted platform to trade, Exchange, store, and accept crypto currencies like Bitcoin, Ethereum, Litecoin, Bitcoin Cash etc.','<h2 class=\"deflt-hding\" style=\"text-align: center;\"><strong>About Tradexic Exchange</strong></h2>\r\n\r\n<p style=\"text-align: center;\"><strong>Tradexic Exchange is a market leader in Crypto currency landscape. We provide the simplest and trusted platform to trade, store, and accept crypto currencies like Bitcoin, Ethereum, Litecoin, Bitcoin Cash etc. With over 15,000+ customers that vouch for the ease with which Tradexic&nbsp;Exchange enables crypto currency activities, we are on a mission &quot;To bring whole world at one place&quot; by offering a local vender in every country for better liquidity. We have started our journey by some countries and willing to cover most of it.&nbsp;</strong></p>\r\n\r\n<div class=\"abt-team\">\r\n<div class=\"col-md-12\">\r\n<h2 class=\"deflt-hding\" style=\"text-align: center;\"><strong>Team</strong></h2>\r\n\r\n<p style=\"text-align: center;\">Nothing is built in a single day or by a single person.<br />\r\nThis is the team that made it happen.</p>\r\n</div>\r\n\r\n<div class=\"clearfix\" style=\"text-align: center;\">&nbsp;</div>\r\n\r\n<div class=\"col-sm-4\">\r\n<div class=\"abt-tem-one\">\r\n<p style=\"text-align: center;\"><img alt=\"\" class=\"img-responsive\" src=\"/team-1.png\" /></p>\r\n\r\n<h3 style=\"text-align: center;\">William Scott</h3>\r\n\r\n<p style=\"text-align: center;\">Co-founder and CEO</p>\r\n</div>\r\n</div>\r\n\r\n<div class=\"col-sm-4\">\r\n<div class=\"abt-tem-one\">\r\n<p style=\"text-align: center;\"><img alt=\"\" class=\"img-responsive\" src=\"/team-1.png\" /></p>\r\n\r\n<h3 style=\"text-align: center;\">Abhishake Agarwal</h3>\r\n\r\n<p style=\"text-align: center;\">Legal Partner India (Ex PwC Associate)</p>\r\n</div>\r\n</div>\r\n\r\n<div class=\"col-sm-4\">\r\n<div class=\"abt-tem-one\">\r\n<p style=\"text-align: center;\"><img alt=\"\" class=\"img-responsive\" src=\"/team-1.png\" /></p>\r\n\r\n<h3 style=\"text-align: center;\">Kpiorer Kruger</h3>\r\n\r\n<p style=\"text-align: center;\">Sales and Marketing</p>\r\n</div>\r\n</div>\r\n</div>\r\n',1,'2018-04-28 05:18:51','2018-09-15 03:50:15'),(2,'Terms','terms','Terms','ebull TERMS, ebull exchange terms, Terms of Service, bitcoin exchange TERMS ','PLEASE READ Ebull Exchange TERMS OF SERVICE CAREFULLY, INCLUDING THE BINDING ARBITRATION PROVISION CONTAINED IN SECTION 20. BY ACCESSING OR USING OUR SERVICES, YOU AGREE TO BE BOUND BY THESE TERMS OF SERVICE AND ALL TERMS INCORPORATED BY REFERENCE. IF YOU DO NOT AGREE TO ALL OF THESE TERMS, DO NOT ACCESS OR USE OUR SERVICES.','<p style=\"margin-bottom:7.5pt; margin:0in 0in 8pt\"><span style=\"font-size:11pt\"><span style=\"background:white\"><span style=\"line-height:normal\"><span style=\"font-family:Calibri,sans-serif\"><i><span style=\"font-size:9.0pt\"><span style=\"font-family:&quot;Arial&quot;,&quot;sans-serif&quot;\"><span style=\"color:#333333\">Last Updated: April 2</span></span></span></i><i><sup><span style=\"font-size:7.0pt\"><span style=\"font-family:&quot;Arial&quot;,&quot;sans-serif&quot;\"><span style=\"color:#333333\">nd</span></span></span></sup></i><i><span style=\"font-size:9.0pt\"><span style=\"font-family:&quot;Arial&quot;,&quot;sans-serif&quot;\"><span style=\"color:#333333\">, 2018</span></span></span></i></span></span></span></span></p>\r\n\r\n<p style=\"margin-bottom:7.5pt; margin:0in 0in 8pt\"><span style=\"font-size:11pt\"><span style=\"background:white\"><span style=\"line-height:normal\"><span style=\"font-family:Calibri,sans-serif\"><span style=\"font-size:9.0pt\"><span style=\"font-family:&quot;Arial&quot;,&quot;sans-serif&quot;\"><span style=\"color:#333333\">PLEASE READ THESE TERMS OF SERVICE CAREFULLY, INCLUDING THE BINDING ARBITRATION PROVISION CONTAINED IN SECTION 20. BY ACCESSING OR USING OUR SERVICES, YOU AGREE TO BE BOUND BY THESE TERMS OF SERVICE AND ALL TERMS INCORPORATED BY REFERENCE. IF YOU DO NOT AGREE TO ALL OF THESE TERMS, DO NOT ACCESS OR USE OUR SERVICES.</span></span></span></span></span></span></span></p>\r\n\r\n<p style=\"margin-bottom:.0001pt; margin:0in 0in 8pt\"><span style=\"font-size:11pt\"><span style=\"background:white\"><span style=\"line-height:normal\"><span style=\"font-family:Calibri,sans-serif\"><span style=\"font-size:18.0pt\"><span style=\"font-family:&quot;Arial&quot;,&quot;sans-serif&quot;\"><span style=\"color:#29323d\"><span style=\"text-transform:uppercase\">TERMS OF SERVICE</span></span></span></span></span></span></span></span></p>\r\n\r\n<p style=\"margin-bottom:.0001pt; margin:0in 0in 8pt\">&nbsp;</p>\r\n\r\n<p style=\"margin-bottom:7.5pt; margin:0in 0in 8pt\"><span style=\"font-size:11pt\"><span style=\"background:white\"><span style=\"line-height:normal\"><span style=\"font-family:Calibri,sans-serif\"><span style=\"font-size:9.0pt\"><span style=\"font-family:&quot;Arial&quot;,&quot;sans-serif&quot;\"><span style=\"color:#333333\">These Terms of Service and any terms expressly incorporated herein (&ldquo;<b>Terms&rdquo;</b>) apply to your access to, and use of, any services provided by Ebull, LTD., (&ldquo;<b>Ebull</b>,&rdquo; &ldquo;<b>we</b>,&rdquo; &ldquo;<b>us</b>&rdquo; or &ldquo;<b>our</b>&rdquo;), including but not limited to our websites located at&nbsp;</span></span></span><span style=\"font-size:9.0pt\"><span style=\"font-family:&quot;Arial&quot;,&quot;sans-serif&quot;\"><span style=\"color:#337ab7\">www.ebull.io</span></span></span><span style=\"font-size:9.0pt\"><span style=\"font-family:&quot;Arial&quot;,&quot;sans-serif&quot;\"><span style=\"color:#333333\">&nbsp;(the &ldquo;<b>Site</b>&rdquo;) and mobile applications, our Hosted Wallet services, and the exchange services provided by us as described in these Terms (collectively, the &ldquo;Services&rdquo;). These Terms do not alter in any way the terms or conditions of any other agreement you may have with Ebull for products, services or otherwise. If you are using the Services on behalf of any entity, you represent and warrant that (a) such legal entity is duly organized and validly existing under the applicable laws of the jurisdiction of its organization and (b) you are authorized to accept these Terms on such entity&rsquo;s behalf and that such entity agrees to be responsible to us if you violate these Terms. Ebull reserves the right to change or modify these Terms at any time and in our sole discretion. If Ebull makes changes to these Terms, we will provide notice of such changes, such as by sending you a notification, providing notice through the Services, and/or updating the &ldquo;Last Updated&rdquo; date at the top of these Terms. Your continued use of the Services will confirm your acceptance of the revised Terms. If you do not agree to the amended Terms, you must stop using the Services. We encourage you to frequently review the Terms to ensure you understand the terms and conditions that apply to your access to, and use of, the Services. If you have any question regarding the use of the Site, please contact&nbsp;</span></span></span><span style=\"font-size:9.0pt\"><span style=\"font-family:&quot;Arial&quot;,&quot;sans-serif&quot;\"><span style=\"color:#337ab7\">support@ebull.io</span></span></span></span></span></span></span></p>\r\n\r\n<p style=\"margin-bottom:.0001pt; margin:0in 0in 8pt\"><span style=\"font-size:11pt\"><span style=\"background:white\"><span style=\"line-height:normal\"><span style=\"font-family:Calibri,sans-serif\"><span style=\"font-size:18.0pt\"><span style=\"font-family:&quot;Arial&quot;,&quot;sans-serif&quot;\"><span style=\"color:#29323d\"><span style=\"text-transform:uppercase\">1. KEY DEFINITIONS</span></span></span></span></span></span></span></span></p>\r\n\r\n<p style=\"margin-bottom:.0001pt; margin:0in 0in 8pt\">&nbsp;</p>\r\n\r\n<p style=\"margin-bottom:.0001pt; margin:0in 0in 8pt\"><span style=\"font-size:11pt\"><span style=\"background:white\"><span style=\"line-height:normal\"><span style=\"font-family:Calibri,sans-serif\"><span style=\"font-size:9.0pt\"><span style=\"background:white\"><span style=\"font-family:&quot;Arial&quot;,&quot;sans-serif&quot;\"><span style=\"color:#333333\">Capitalized terms not otherwise defined in these Terms will have the following meanings: &ldquo;<b>Ebull Account</b>&rdquo; means a user account accessible via the Services where Virtual Currency may be stored by Ebull on behalf of a user. &ldquo;<b>Virtual Currency</b>&quot; means bitcoin, blackcoin, litecoin, and other virtual currency that may be exchanged via the Services. &quot;<b>External Virtual Currency Address</b>&quot; means any Virtual Currency address or account that you own, or use, that is maintained outside of the Services, and is not owned, controlled, or operated by Ebull. &quot;<b>Hosted Wallet</b>&quot; means a Virtual Currency wallet, hosted and controlled by Ebull, which you use to store the Virtual Currency associated with your Ebull Account. You can send Virtual Currency to and from this wallet to and from External Virtual Currency Addresses.</span></span></span></span></span></span></span></span></p>\r\n\r\n<p style=\"margin-bottom:.0001pt; margin:0in 0in 8pt\"><span style=\"font-size:11pt\"><span style=\"background:white\"><span style=\"line-height:normal\"><span style=\"font-family:Calibri,sans-serif\"><span style=\"font-size:18.0pt\"><span style=\"font-family:&quot;Arial&quot;,&quot;sans-serif&quot;\"><span style=\"color:#29323d\"><span style=\"text-transform:uppercase\">2. ELIGIBILITY, REGISTRATION AND ACCOUNT</span></span></span></span></span></span></span></span></p>\r\n\r\n<p style=\"margin-bottom:.0001pt; margin:0in 0in 8pt\">&nbsp;</p>\r\n\r\n<p style=\"margin-bottom:7.5pt; margin:0in 0in 8pt\"><span style=\"font-size:11pt\"><span style=\"background:white\"><span style=\"line-height:normal\"><span style=\"font-family:Calibri,sans-serif\"><b><span style=\"font-size:9.0pt\"><span style=\"font-family:&quot;Arial&quot;,&quot;sans-serif&quot;\"><span style=\"color:#333333\">2.1 Eligibility.</span></span></span></b><span style=\"font-size:9.0pt\"><span style=\"font-family:&quot;Arial&quot;,&quot;sans-serif&quot;\"><span style=\"color:#333333\">&nbsp;Ebull may not make all of the Services available in all markets and jurisdictions, and may restrict or prohibit use of all or a portion of the Services from certain states, territories, or jurisdictions (&ldquo;<b>Restricted Locations</b>&rdquo;). At this time, Restricted Locations include, but are not limited to, several U.S. states: AK, AR, CA, CT, FL, HI, ID, IA, KS, KT, LA, MD, MI, MS, NC, ND, NE, NH, NV, OH, OK, PA, SD, TX, VT, VA, WA, WY, and PR. The Services are intended solely for users who are 18 or older. You represent and warrant that you: (a) are of legal age to form a binding contract (at least 18 years old.); (b) have not previously been suspended or removed from using our Services; (c) have full power and authority to enter into this agreement and in doing so will not violate any other agreement to which you are a party; (d) are not located in, under the control of, or a national or resident of (i) any Restricted Locations, or (ii) any country to which the United States has embargoed goods or services; (e) are not identified as a &ldquo;Specially Designated National&rdquo; by the Office of Foreign Assets Control; (f) are not placed on the U.S. Commerce Department&rsquo;s Denied Persons List; and (g) will not use our Services if any applicable laws in your country prohibit you from doing so in accordance with these Terms.</span></span></span></span></span></span></span></p>\r\n\r\n<p style=\"margin-bottom:7.5pt; margin:0in 0in 8pt\"><span style=\"font-size:11pt\"><span style=\"background:white\"><span style=\"line-height:normal\"><span style=\"font-family:Calibri,sans-serif\"><b><span style=\"font-size:9.0pt\"><span style=\"font-family:&quot;Arial&quot;,&quot;sans-serif&quot;\"><span style=\"color:#333333\">2.2 Number of Ebull Accounts.</span></span></span></b><span style=\"font-size:9.0pt\"><span style=\"font-family:&quot;Arial&quot;,&quot;sans-serif&quot;\"><span style=\"color:#333333\">&nbsp;Ebull may, in its sole discretion, limit the number of Ebull Accounts that you may hold, maintain, or acquire.</span></span></span></span></span></span></span></p>\r\n\r\n<p style=\"margin-bottom:7.5pt; margin:0in 0in 8pt\"><span style=\"font-size:11pt\"><span style=\"background:white\"><span style=\"line-height:normal\"><span style=\"font-family:Calibri,sans-serif\"><b><span style=\"font-size:9.0pt\"><span style=\"font-family:&quot;Arial&quot;,&quot;sans-serif&quot;\"><span style=\"color:#333333\">2.3 Ebull Account Information and Security.</span></span></span></b><span style=\"font-size:9.0pt\"><span style=\"font-family:&quot;Arial&quot;,&quot;sans-serif&quot;\"><span style=\"color:#333333\">&nbsp;In order to engage in any exchange transactions via the Services, you must create an Ebull Account and provide all of the required information that we request. By creating a Ebull Account, you agree to: (a) create a strong password that you do not use for any other website or online service; (b) provide accurate and truthful information; (c) maintain and promptly update your Ebull Account information; (d) maintain the security of your Ebull Account by protecting your password and restricting access to your Ebull Account; (e) promptly notify us if you discover or otherwise suspect any security breaches related to your Ebull Account; and (f) take responsibility for all activities that occur under your Ebull Account and accept all risks of any authorized or unauthorized access to your Ebull Account, to the maximum extent permitted by law.</span></span></span></span></span></span></span></p>\r\n\r\n<p style=\"margin-bottom:.0001pt; margin:0in 0in 8pt\"><span style=\"font-size:11pt\"><span style=\"background:white\"><span style=\"line-height:normal\"><span style=\"font-family:Calibri,sans-serif\"><span style=\"font-size:18.0pt\"><span style=\"font-family:&quot;Arial&quot;,&quot;sans-serif&quot;\"><span style=\"color:#29323d\"><span style=\"text-transform:uppercase\">3. PRIVACY POLICY</span></span></span></span></span></span></span></span></p>\r\n\r\n<p style=\"margin-bottom:.0001pt; margin:0in 0in 8pt\">&nbsp;</p>\r\n\r\n<p style=\"margin-bottom:7.5pt; margin:0in 0in 8pt\"><span style=\"font-size:11pt\"><span style=\"background:white\"><span style=\"line-height:normal\"><span style=\"font-family:Calibri,sans-serif\"><span style=\"font-size:9.0pt\"><span style=\"font-family:&quot;Arial&quot;,&quot;sans-serif&quot;\"><span style=\"color:#333333\">Please refer to our privacy policy&nbsp;</span></span></span><a href=\"http://www.ebull.io/privacy\" style=\"color:blue; text-decoration:underline\"><span style=\"font-size:9.0pt\"><span style=\"font-family:&quot;Arial&quot;,&quot;sans-serif&quot;\">www.ebull.io/privacy</span></span></a><span style=\"font-size:9.0pt\"><span style=\"font-family:&quot;Arial&quot;,&quot;sans-serif&quot;\"><span style=\"color:#333333\">&nbsp;for information about how we collect, use, and share your information.</span></span></span></span></span></span></span></p>\r\n\r\n<p style=\"margin-bottom:.0001pt; margin:0in 0in 8pt\"><span style=\"font-size:11pt\"><span style=\"background:white\"><span style=\"line-height:normal\"><span style=\"font-family:Calibri,sans-serif\"><span style=\"font-size:18.0pt\"><span style=\"font-family:&quot;Arial&quot;,&quot;sans-serif&quot;\"><span style=\"color:#29323d\"><span style=\"text-transform:uppercase\">4. YOUR GENERAL OBLIGATIONS TO USE THE SERVICES</span></span></span></span></span></span></span></span></p>\r\n\r\n<p style=\"margin-bottom:.0001pt; margin:0in 0in 8pt\">&nbsp;</p>\r\n\r\n<p style=\"margin-bottom:7.5pt; margin:0in 0in 8pt\"><span style=\"font-size:11pt\"><span style=\"background:white\"><span style=\"line-height:normal\"><span style=\"font-family:Calibri,sans-serif\"><b><span style=\"font-size:9.0pt\"><span style=\"font-family:&quot;Arial&quot;,&quot;sans-serif&quot;\"><span style=\"color:#333333\">4.1 Conditions and Restrictions.</span></span></span></b><span style=\"font-size:9.0pt\"><span style=\"font-family:&quot;Arial&quot;,&quot;sans-serif&quot;\"><span style=\"color:#333333\">&nbsp;We may, at any time and in our sole discretion, refuse any exchange transaction or exchange bid submitted via the Services, impose limits on the exchange amount permitted via the Services or impose any other conditions or restrictions upon your use of the Services, without prior notice. For example, we may limit the number of open orders that you can establish via the Services or we may restrict exchanges from certain locations.</span></span></span></span></span></span></span></p>\r\n\r\n<p style=\"margin-bottom:7.5pt; margin:0in 0in 8pt\"><span style=\"font-size:11pt\"><span style=\"background:white\"><span style=\"line-height:normal\"><span style=\"font-family:Calibri,sans-serif\"><b><span style=\"font-size:9.0pt\"><span style=\"font-family:&quot;Arial&quot;,&quot;sans-serif&quot;\"><span style=\"color:#333333\">4.2 Accuracy of Information.</span></span></span></b><span style=\"font-size:9.0pt\"><span style=\"font-family:&quot;Arial&quot;,&quot;sans-serif&quot;\"><span style=\"color:#333333\">&nbsp;You must provide any information required when creating an Ebull Account or when prompted by any screen displayed within the Services. You represent and warrant that all information you provide via the Services is accurate and complete.</span></span></span></span></span></span></span></p>\r\n\r\n<p style=\"margin-bottom:7.5pt; margin:0in 0in 8pt\"><span style=\"font-size:11pt\"><span style=\"background:white\"><span style=\"line-height:normal\"><span style=\"font-family:Calibri,sans-serif\"><b><span style=\"font-size:9.0pt\"><span style=\"font-family:&quot;Arial&quot;,&quot;sans-serif&quot;\"><span style=\"color:#333333\">4.3 Cancellations.</span></span></span></b><span style=\"font-size:9.0pt\"><span style=\"font-family:&quot;Arial&quot;,&quot;sans-serif&quot;\"><span style=\"color:#333333\">&nbsp;You may only cancel an order initiated via the Services if such cancellation occurs before we execute the transaction.&nbsp;<b>Once your order has been executed, you may not change, withdraw, or cancel your authorization for us to complete such transaction.</b>&nbsp;If any order has been partially filled, you may cancel the unfilled remainder of that order at any time. We reserve the right to refuse any cancellation request associated with a market order once you have submitted such order.</span></span></span></span></span></span></span></p>\r\n\r\n<p style=\"margin-bottom:7.5pt; margin:0in 0in 8pt\"><span style=\"font-size:11pt\"><span style=\"background:white\"><span style=\"line-height:normal\"><span style=\"font-family:Calibri,sans-serif\"><b><span style=\"font-size:9.0pt\"><span style=\"font-family:&quot;Arial&quot;,&quot;sans-serif&quot;\"><span style=\"color:#333333\">4.4 Insufficient Funds.</span></span></span></b><span style=\"font-size:9.0pt\"><span style=\"font-family:&quot;Arial&quot;,&quot;sans-serif&quot;\"><span style=\"color:#333333\">&nbsp;If you have an insufficient amount of Virtual Currency in your Hosted Wallet to complete an order via the Services, we may cancel the entire order or may fulfill a partial order using the amount of Virtual Currency currently available in your Hosted Wallet, less any fees owed to Ebull in connection with the execution of the exchange (as described in Section 8 below).</span></span></span></span></span></span></span></p>\r\n\r\n<p style=\"margin-bottom:7.5pt; margin:0in 0in 8pt\"><span style=\"font-size:11pt\"><span style=\"background:white\"><span style=\"line-height:normal\"><span style=\"font-family:Calibri,sans-serif\"><b><span style=\"font-size:9.0pt\"><span style=\"font-family:&quot;Arial&quot;,&quot;sans-serif&quot;\"><span style=\"color:#333333\">4.5 Taxes.</span></span></span></b><span style=\"font-size:9.0pt\"><span style=\"font-family:&quot;Arial&quot;,&quot;sans-serif&quot;\"><span style=\"color:#333333\">&nbsp;It is your responsibility to determine what, if any, taxes apply to the exchange transactions you complete via the Services, and it is your responsibility to report and remit the correct tax to the appropriate tax authority. You agree that we are not responsible for determining whether taxes apply to your trades or for collecting, reporting, withholding, or remitting any taxes arising from any trades.</span></span></span></span></span></span></span></p>\r\n\r\n<p style=\"margin-bottom:7.5pt; margin:0in 0in 8pt\"><span style=\"font-size:11pt\"><span style=\"background:white\"><span style=\"line-height:normal\"><span style=\"font-family:Calibri,sans-serif\"><b><span style=\"font-size:9.0pt\"><span style=\"font-family:&quot;Arial&quot;,&quot;sans-serif&quot;\"><span style=\"color:#333333\">4.6 Market Availability.</span></span></span></b><span style=\"font-size:9.0pt\"><span style=\"font-family:&quot;Arial&quot;,&quot;sans-serif&quot;\"><span style=\"color:#333333\">&nbsp;Ebull may open or close any market for a Virtual Currency on the Site at any time, in its sole discretion. If a market for a particular Virtual Currency is closed, any open orders that you may have for such Virtual Currency will be credited back to your Ebull Account.</span></span></span></span></span></span></span></p>\r\n\r\n<p style=\"margin-bottom:7.5pt; margin:0in 0in 8pt\"><span style=\"font-size:11pt\"><span style=\"background:white\"><span style=\"line-height:normal\"><span style=\"font-family:Calibri,sans-serif\"><b><span style=\"font-size:9.0pt\"><span style=\"font-family:&quot;Arial&quot;,&quot;sans-serif&quot;\"><span style=\"color:#333333\">4.7 Currency Availability.</span></span></span></b><span style=\"font-size:9.0pt\"><span style=\"font-family:&quot;Arial&quot;,&quot;sans-serif&quot;\"><span style=\"color:#333333\">&nbsp;Ebull retains the right, in its sole discretion, to include a Virtual Currency on the Site, and may remove any Virtual Currency from the Site at any time for any reason. Unless otherwise required by law or law enforcement, Ebull will make reasonable efforts to notify you of the likely removal of a Virtual Currency. If the market for a Virtual Currency is closed on the Site, you will have 14 days to push the amounts remaining in your Ebull Account associated with such Virtual Currency to your External Virtual Currency Address. Ebull will not be liable to you for any losses, liability or expenses related to the removal of a Virtual Currency.</span></span></span></span></span></span></span></p>\r\n\r\n<p style=\"margin-bottom:.0001pt; margin:0in 0in 8pt\"><span style=\"font-size:11pt\"><span style=\"background:white\"><span style=\"line-height:normal\"><span style=\"font-family:Calibri,sans-serif\"><span style=\"font-size:18.0pt\"><span style=\"font-family:&quot;Arial&quot;,&quot;sans-serif&quot;\"><span style=\"color:#29323d\"><span style=\"text-transform:uppercase\">5. EBULL ACCOUNT</span></span></span></span></span></span></span></span></p>\r\n\r\n<p style=\"margin-bottom:.0001pt; margin:0in 0in 8pt\">&nbsp;</p>\r\n\r\n<p style=\"margin-bottom:7.5pt; margin:0in 0in 8pt\"><span style=\"font-size:11pt\"><span style=\"background:white\"><span style=\"line-height:normal\"><span style=\"font-family:Calibri,sans-serif\"><b><span style=\"font-size:9.0pt\"><span style=\"font-family:&quot;Arial&quot;,&quot;sans-serif&quot;\"><span style=\"color:#333333\">5.1 Funding your Ebull Account.</span></span></span></b><span style=\"font-size:9.0pt\"><span style=\"font-family:&quot;Arial&quot;,&quot;sans-serif&quot;\"><span style=\"color:#333333\">&nbsp;In order to complete an exchange via the Services (as described in Section 6), you must first load Virtual Currency to your Hosted Wallet. You may be required to verify that you control the External Virtual Currency Address that you use to load Virtual Currency to your Hosted Wallet.</span></span></span></span></span></span></span></p>\r\n\r\n<p style=\"margin-bottom:7.5pt; margin:0in 0in 8pt\"><span style=\"font-size:11pt\"><span style=\"background:white\"><span style=\"line-height:normal\"><span style=\"font-family:Calibri,sans-serif\"><b><span style=\"font-size:9.0pt\"><span style=\"font-family:&quot;Arial&quot;,&quot;sans-serif&quot;\"><span style=\"color:#333333\">5.2 Sending Virtual Currency to an External Virtual Currency Address.</span></span></span></b><span style=\"font-size:9.0pt\"><span style=\"font-family:&quot;Arial&quot;,&quot;sans-serif&quot;\"><span style=\"color:#333333\">&nbsp;Provided that the balance of Virtual Currency in your Ebull Account is greater than any minimum balance requirements needed to satisfy any of your open positions, you may send any amount of Virtual Currency, up to the total amount of Virtual Currency in your Ebull Account, in excess of such minimum balance requirements, from your Hosted Wallet to an External Virtual Currency Address, less any fees charged by Ebull for such transactions (as described in the Fee Schedule (as defined in Section 8) at the time of your request to push Virtual Currency to an External Virtual Currency Address). You are solely responsible for the accuracy of the External Virtual Currency Address that you provide, and Ebull shall not be liable for sending Virtual Currency from your Hosted Wallet to an incorrect External Virtual Currency Address if that address matches the address you provided to us.</span></span></span></span></span></span></span></p>\r\n\r\n<p style=\"margin-bottom:7.5pt; margin:0in 0in 8pt\"><span style=\"font-size:11pt\"><span style=\"background:white\"><span style=\"line-height:normal\"><span style=\"font-family:Calibri,sans-serif\"><b><span style=\"font-size:9.0pt\"><span style=\"font-family:&quot;Arial&quot;,&quot;sans-serif&quot;\"><span style=\"color:#333333\">5.3 Load/Push Authorization.</span></span></span></b><span style=\"font-size:9.0pt\"><span style=\"font-family:&quot;Arial&quot;,&quot;sans-serif&quot;\"><span style=\"color:#333333\">&nbsp;When you request that we send Virtual Currency to your External Virtual Currency Address from your Ebull Account, you authorize Ebull to execute such transaction using your Hosted Wallet via the Services.</span></span></span></span></span></span></span></p>\r\n\r\n<p style=\"margin-bottom:.0001pt; margin:0in 0in 8pt\"><span style=\"font-size:11pt\"><span style=\"background:white\"><span style=\"line-height:normal\"><span style=\"font-family:Calibri,sans-serif\"><span style=\"font-size:18.0pt\"><span style=\"font-family:&quot;Arial&quot;,&quot;sans-serif&quot;\"><span style=\"color:#29323d\"><span style=\"text-transform:uppercase\">6. EXCHANGE ORDERS AND TRADES</span></span></span></span></span></span></span></span></p>\r\n\r\n<p style=\"margin-bottom:.0001pt; margin:0in 0in 8pt\">&nbsp;</p>\r\n\r\n<p style=\"margin-top:0in; margin-right:0in; margin-bottom:7.5pt; margin-left:.5in; margin:0in 0in 8pt\"><span style=\"font-size:11pt\"><span style=\"background:white\"><span style=\"line-height:normal\"><span style=\"font-family:Calibri,sans-serif\"><b><span style=\"font-size:9.0pt\"><span style=\"font-family:&quot;Arial&quot;,&quot;sans-serif&quot;\"><span style=\"color:#333333\">6.1 Authorization.</span></span></span></b><span style=\"font-size:9.0pt\"><span style=\"font-family:&quot;Arial&quot;,&quot;sans-serif&quot;\"><span style=\"color:#333333\">&nbsp;When you submit a new exchange order via the Services, you authorize us to execute a transaction in accordance with such order on a spot basis and charge you any applicable fees (as described in Section 8 below).</span></span></span></span></span></span></span></p>\r\n\r\n<p style=\"margin-top:0in; margin-right:0in; margin-bottom:7.5pt; margin-left:.5in; margin:0in 0in 8pt\"><span style=\"font-size:11pt\"><span style=\"background:white\"><span style=\"line-height:normal\"><span style=\"font-family:Calibri,sans-serif\"><b><span style=\"font-size:9.0pt\"><span style=\"font-family:&quot;Arial&quot;,&quot;sans-serif&quot;\"><span style=\"color:#333333\">6.2 Independent relationship.</span></span></span></b><span style=\"font-size:9.0pt\"><span style=\"font-family:&quot;Arial&quot;,&quot;sans-serif&quot;\"><span style=\"color:#333333\">&nbsp;You agree that: (a) we are not acting as your broker, intermediary, agent, or advisor, or in any fiduciary capacity, and (b) no communication or information provided to you by us shall be considered or construed as advice.</span></span></span></span></span></span></span></p>\r\n\r\n<p style=\"margin-top:0in; margin-right:0in; margin-bottom:7.5pt; margin-left:.5in; margin:0in 0in 8pt\"><span style=\"font-size:11pt\"><span style=\"background:white\"><span style=\"line-height:normal\"><span style=\"font-family:Calibri,sans-serif\"><b><span style=\"font-size:9.0pt\"><span style=\"font-family:&quot;Arial&quot;,&quot;sans-serif&quot;\"><span style=\"color:#333333\">6.3 Trade confirmation.</span></span></span></b><span style=\"font-size:9.0pt\"><span style=\"font-family:&quot;Arial&quot;,&quot;sans-serif&quot;\"><span style=\"color:#333333\">&nbsp;Before a trade is placed, a confirmation dialogue summarizes the details of the proposed transaction, including the number of coins you are trying to buy or sell, the price, the applicable fees, and the total cost of the transaction. Once the Services execute your exchange transaction, your account&rsquo;s order book will be updated with either the open trade request, or a closed order that was fulfilled. You agree that the failure of the Services to provide such confirmation shall not prejudice or invalidate the terms of such trade.</span></span></span></span></span></span></span></p>\r\n\r\n<p style=\"margin-top:0in; margin-right:0in; margin-bottom:7.5pt; margin-left:.5in; margin:0in 0in 8pt\"><span style=\"font-size:11pt\"><span style=\"background:white\"><span style=\"line-height:normal\"><span style=\"font-family:Calibri,sans-serif\"><b><span style=\"font-size:9.0pt\"><span style=\"font-family:&quot;Arial&quot;,&quot;sans-serif&quot;\"><span style=\"color:#333333\">6.4 Market volatility.</span></span></span></b><span style=\"font-size:9.0pt\"><span style=\"font-family:&quot;Arial&quot;,&quot;sans-serif&quot;\"><span style=\"color:#333333\">&nbsp;You agree that we are not liable for any price fluctuations in Virtual Currency. In the event of a market disruption or Force Majeure Event (as defined in Section 22.3), we may do one or more of the following: (a) suspend access to the Services; or (b) prevent you from completing any actions via the Services, including closing any open positions. We will not be liable for any losses suffered by you resulting from such actions. Following any such event, when exchange transactions resume, you acknowledge that prevailing market rates may differ significantly from the rates available prior to such event.</span></span></span></span></span></span></span></p>\r\n\r\n<p style=\"margin-top:0in; margin-right:0in; margin-bottom:7.5pt; margin-left:.5in; margin:0in 0in 8pt\"><span style=\"font-size:11pt\"><span style=\"background:white\"><span style=\"line-height:normal\"><span style=\"font-family:Calibri,sans-serif\"><b><span style=\"font-size:9.0pt\"><span style=\"font-family:&quot;Arial&quot;,&quot;sans-serif&quot;\"><span style=\"color:#333333\">6.5 Exchange Settlement.</span></span></span></b><span style=\"font-size:9.0pt\"><span style=\"font-family:&quot;Arial&quot;,&quot;sans-serif&quot;\"><span style=\"color:#333333\">&nbsp;Subject to the terms and conditions in these Terms, we will use commercially reasonable efforts to settle exchanges on a spot basis within two days of the date upon which users have agreed to execute an exchange via the Services.</span></span></span></span></span></span></span></p>\r\n\r\n<p style=\"margin-bottom:.0001pt; margin:0in 0in 8pt\"><span style=\"font-size:11pt\"><span style=\"background:white\"><span style=\"line-height:normal\"><span style=\"font-family:Calibri,sans-serif\"><span style=\"font-size:18.0pt\"><span style=\"font-family:&quot;Arial&quot;,&quot;sans-serif&quot;\"><span style=\"color:#29323d\"><span style=\"text-transform:uppercase\">7. RISK DISCLOSURE</span></span></span></span></span></span></span></span></p>\r\n\r\n<p style=\"margin-bottom:.0001pt; margin:0in 0in 8pt\">&nbsp;</p>\r\n\r\n<p style=\"margin-bottom:7.5pt; margin:0in 0in 8pt\"><span style=\"font-size:11pt\"><span style=\"background:white\"><span style=\"line-height:normal\"><span style=\"font-family:Calibri,sans-serif\"><span style=\"font-size:9.0pt\"><span style=\"font-family:&quot;Arial&quot;,&quot;sans-serif&quot;\"><span style=\"color:#333333\">There are risks associated with utilizing an Internet-based trading system including, but not limited to, the failure of hardware, software, and Internet connections. You agree that we shall not be responsible for any communication failures, disruptions, errors, distortions, or delays you may experience when trading via the Services, however caused.</span></span></span></span></span></span></span></p>\r\n\r\n<p style=\"margin-bottom:.0001pt; margin:0in 0in 8pt\"><span style=\"font-size:11pt\"><span style=\"background:white\"><span style=\"line-height:normal\"><span style=\"font-family:Calibri,sans-serif\"><span style=\"font-size:18.0pt\"><span style=\"font-family:&quot;Arial&quot;,&quot;sans-serif&quot;\"><span style=\"color:#29323d\"><span style=\"text-transform:uppercase\">8. FEES</span></span></span></span></span></span></span></span></p>\r\n\r\n<p style=\"margin-bottom:.0001pt; margin:0in 0in 8pt\">&nbsp;</p>\r\n\r\n<p style=\"margin-top:0in; margin-right:0in; margin-bottom:7.5pt; margin-left:.5in; margin:0in 0in 8pt\"><span style=\"font-size:11pt\"><span style=\"background:white\"><span style=\"line-height:normal\"><span style=\"font-family:Calibri,sans-serif\"><b><span style=\"font-size:9.0pt\"><span style=\"font-family:&quot;Arial&quot;,&quot;sans-serif&quot;\"><span style=\"color:#333333\">8.1 Amount of Fees.</span></span></span></b><span style=\"font-size:9.0pt\"><span style=\"font-family:&quot;Arial&quot;,&quot;sans-serif&quot;\"><span style=\"color:#333333\">&nbsp;You agree to pay Ebull the fees for exchanges completed via our Services (&ldquo;<b><i>Fees</i></b>&rdquo;) as made available via the fee schedule at&nbsp;</span></span></span><a href=\"http://www.ebull.io/fees\" style=\"color:blue; text-decoration:underline\"><b><span style=\"font-size:9.0pt\"><span style=\"font-family:&quot;Arial&quot;,&quot;sans-serif&quot;\">www.ebull.io/fees</span></span></b></a><span style=\"font-size:9.0pt\"><span style=\"font-family:&quot;Arial&quot;,&quot;sans-serif&quot;\"><span style=\"color:#333333\">&nbsp;(&ldquo;<b>&nbsp;<i>Fee Schedule&nbsp;</i></b>&rdquo;), which we may change from time to time. Any changes to the Fee Schedule will become effective as of the expiration of such notice period. The revised Fee Schedule will apply prospectively to any exchanges that take place following the effective date of such revised Fee Schedule.</span></span></span></span></span></span></span></p>\r\n\r\n<p style=\"margin-top:0in; margin-right:0in; margin-bottom:7.5pt; margin-left:.5in; margin:0in 0in 8pt\"><span style=\"font-size:11pt\"><span style=\"background:white\"><span style=\"line-height:normal\"><span style=\"font-family:Calibri,sans-serif\"><b><span style=\"font-size:9.0pt\"><span style=\"font-family:&quot;Arial&quot;,&quot;sans-serif&quot;\"><span style=\"color:#333333\">8.2 Payment of Fees.&nbsp;</span></span></span></b><span style=\"font-size:9.0pt\"><span style=\"font-family:&quot;Arial&quot;,&quot;sans-serif&quot;\"><span style=\"color:#333333\">You authorize us, or our designated payment processor, to charge or deduct funds from your Hosted Wallet for any applicable Fees owed in connection with exchange transactions you complete via the Services.</span></span></span></span></span></span></span></p>\r\n\r\n<p style=\"margin-bottom:.0001pt; margin:0in 0in 8pt\"><span style=\"font-size:11pt\"><span style=\"background:white\"><span style=\"line-height:normal\"><span style=\"font-family:Calibri,sans-serif\"><span style=\"font-size:18.0pt\"><span style=\"font-family:&quot;Arial&quot;,&quot;sans-serif&quot;\"><span style=\"color:#29323d\"><span style=\"text-transform:uppercase\">9. ELECTRONIC NOTICES</span></span></span></span></span></span></span></span></p>\r\n\r\n<p style=\"margin-bottom:.0001pt; margin:0in 0in 8pt\">&nbsp;</p>\r\n\r\n<p style=\"margin-top:0in; margin-right:0in; margin-bottom:7.5pt; margin-left:.5in; margin:0in 0in 8pt\"><span style=\"font-size:11pt\"><span style=\"background:white\"><span style=\"line-height:normal\"><span style=\"font-family:Calibri,sans-serif\"><b><span style=\"font-size:9.0pt\"><span style=\"font-family:&quot;Arial&quot;,&quot;sans-serif&quot;\"><span style=\"color:#333333\">9.1 Consent to Electronic Delivery.</span></span></span></b><span style=\"font-size:9.0pt\"><span style=\"font-family:&quot;Arial&quot;,&quot;sans-serif&quot;\"><span style=\"color:#333333\">&nbsp;You consent to receive electronically all communications, agreements, documents, receipts, notices, and disclosures (collectively, &ldquo;<b><i>Communications</i></b>&rdquo;) that Ebull provides in connection with your Ebull Account, Hosted Wallet, and/or use of the Services. You agree that Ebull may provide these Communications to you by posting them via the Services, by emailing them to you at the email address you provide, and/or by sending an SMS or text message to a mobile phone number that you provide. Your carrier&#39;s normal, messaging, data, and other rates and fees may apply to any mobile Communications. You should maintain copies of electronic Communications by printing a paper copy or saving an electronic copy. You may also contact us at&nbsp;</span></span></span><span style=\"font-size:9.0pt\"><span style=\"font-family:&quot;Arial&quot;,&quot;sans-serif&quot;\"><span style=\"color:#337ab7\">support@ebull.io</span></span></span><span style=\"font-size:9.0pt\"><span style=\"font-family:&quot;Arial&quot;,&quot;sans-serif&quot;\"><span style=\"color:#333333\">&nbsp;to request additional electronic copies of Communications or, for a fee, paper copies of Communications (as described below).</span></span></span></span></span></span></span></p>\r\n\r\n<p style=\"margin-top:0in; margin-right:0in; margin-bottom:7.5pt; margin-left:.5in; margin:0in 0in 8pt\"><span style=\"font-size:11pt\"><span style=\"background:white\"><span style=\"line-height:normal\"><span style=\"font-family:Calibri,sans-serif\"><b><span style=\"font-size:9.0pt\"><span style=\"font-family:&quot;Arial&quot;,&quot;sans-serif&quot;\"><span style=\"color:#333333\">9.2 Hardware and Software Requirements.</span></span></span></b><span style=\"font-size:9.0pt\"><span style=\"font-family:&quot;Arial&quot;,&quot;sans-serif&quot;\"><span style=\"color:#333333\">&nbsp;In order to access and retain electronic Communications, you will need a computer with an Internet connection that has a current web browser with cookies enabled and 128-bit encryption. You will also need to have a valid email address on file with Ebull and have sufficient storage space to save past Communications or an installed printer to print them.</span></span></span></span></span></span></span></p>\r\n\r\n<p style=\"margin-top:0in; margin-right:0in; margin-bottom:7.5pt; margin-left:.5in; margin:0in 0in 8pt\"><span style=\"font-size:11pt\"><span style=\"background:white\"><span style=\"line-height:normal\"><span style=\"font-family:Calibri,sans-serif\"><b><span style=\"font-size:9.0pt\"><span style=\"font-family:&quot;Arial&quot;,&quot;sans-serif&quot;\"><span style=\"color:#333333\">9.3 Withdrawal of Consent.</span></span></span></b><span style=\"font-size:9.0pt\"><span style=\"font-family:&quot;Arial&quot;,&quot;sans-serif&quot;\"><span style=\"color:#333333\">&nbsp;You may withdraw your consent to receive electronic Communications by sending a withdrawal notice to&nbsp;</span></span></span><a href=\"mailto:support@ebull.io\" style=\"color:blue; text-decoration:underline\"><span style=\"font-size:9.0pt\"><span style=\"font-family:&quot;Arial&quot;,&quot;sans-serif&quot;\">support@ebull.io</span></span></a> <span style=\"font-size:9.0pt\"><span style=\"font-family:&quot;Arial&quot;,&quot;sans-serif&quot;\"><span style=\"color:#333333\">&nbsp;If you decline or withdraw consent to receive electronic Communications, Ebull may suspend or terminate your use of the Services.</span></span></span></span></span></span></span></p>\r\n\r\n<p style=\"margin-top:0in; margin-right:0in; margin-bottom:7.5pt; margin-left:.5in; margin:0in 0in 8pt\"><span style=\"font-size:11pt\"><span style=\"background:white\"><span style=\"line-height:normal\"><span style=\"font-family:Calibri,sans-serif\"><b><span style=\"font-size:9.0pt\"><span style=\"font-family:&quot;Arial&quot;,&quot;sans-serif&quot;\"><span style=\"color:#333333\">9.4 Requesting Paper Copies.</span></span></span></b><span style=\"font-size:9.0pt\"><span style=\"font-family:&quot;Arial&quot;,&quot;sans-serif&quot;\"><span style=\"color:#333333\">&nbsp;If, after you consent to receive Communications electronically, you would like a paper copy of a Communication we previously sent you, you may request a copy within 30 days after the date we provided the Communication to you by contacting us as at&nbsp;</span></span></span><a href=\"mailto:support@ebull.io\" style=\"color:blue; text-decoration:underline\"><span style=\"font-size:9.0pt\"><span style=\"font-family:&quot;Arial&quot;,&quot;sans-serif&quot;\">support@ebull.io</span></span></a> <span style=\"font-size:9.0pt\"><span style=\"font-family:&quot;Arial&quot;,&quot;sans-serif&quot;\"><span style=\"color:#333333\">&nbsp;In order for us to send paper copies to you, you must have a current street address on file with Ebull. Please note that our Services operate exclusively online and it is very burdensome for us to produce paper copies of Communications. Therefore, if you request paper copies, you agree that we may charge you a processing fee, in the amount described in the Fee Schedule at&nbsp;</span></span></span><a href=\"http://www.ebull.io/fees\" style=\"color:blue; text-decoration:underline\"><b><span style=\"font-size:9.0pt\"><span style=\"font-family:&quot;Arial&quot;,&quot;sans-serif&quot;\">www.ebull.io/fees</span></span></b></a><span style=\"font-size:9.0pt\"><span style=\"font-family:&quot;Arial&quot;,&quot;sans-serif&quot;\"><span style=\"color:#333333\">&nbsp;for each page of Communication requested.</span></span></span></span></span></span></span></p>\r\n\r\n<p style=\"margin-top:0in; margin-right:0in; margin-bottom:7.5pt; margin-left:.5in; margin:0in 0in 8pt\"><span style=\"font-size:11pt\"><span style=\"background:white\"><span style=\"line-height:normal\"><span style=\"font-family:Calibri,sans-serif\"><b><span style=\"font-size:9.0pt\"><span style=\"font-family:&quot;Arial&quot;,&quot;sans-serif&quot;\"><span style=\"color:#333333\">9.5 Updating Contact Information.</span></span></span></b><span style=\"font-size:9.0pt\"><span style=\"font-family:&quot;Arial&quot;,&quot;sans-serif&quot;\"><span style=\"color:#333333\">&nbsp;It is your responsibility to keep your email address and/or mobile phone number on file with Ebull up to date so that Ebull can communicate with you electronically. If we send you an electronic Communication but you do not receive it because your email address or mobile phone number on file is incorrect, out of date, blocked by your service provider, or you are otherwise unable to receive electronic Communications, we will be deemed to have provided the Communication to you. Please note that if you use a spam filter that blocks or re-routes emails from senders not listed in your email address book, you must add Ebull to your email address book so that you will be able to receive the Communications we send to you. You can update your email address, mobile phone number, or street address at any time by logging into your Ebull Account or by sending such information to </span></span></span><a href=\"mailto:support@ebull.io\" style=\"color:blue; text-decoration:underline\"><span style=\"font-size:9.0pt\"><span style=\"font-family:&quot;Arial&quot;,&quot;sans-serif&quot;\">support@ebull.io</span></span></a> <span style=\"font-size:9.0pt\"><span style=\"font-family:&quot;Arial&quot;,&quot;sans-serif&quot;\"><span style=\"color:#333333\">&nbsp;and&nbsp;</span></span></span><a href=\"mailto:mailer@ebull.io\" style=\"color:blue; text-decoration:underline\"><span style=\"font-size:9.0pt\"><span style=\"font-family:&quot;Arial&quot;,&quot;sans-serif&quot;\">mailer@ebull.io</span></span></a> <span style=\"font-size:9.0pt\"><span style=\"font-family:&quot;Arial&quot;,&quot;sans-serif&quot;\"><span style=\"color:#333333\">. If your email address or mobile phone number becomes invalid such that electronic Communications sent to you by Ebull are returned, we may deem your account to be inactive, and you may not be able to complete any transaction via our Services until we receive a valid, working email address or mobile phone number from you.</span></span></span></span></span></span></span></p>\r\n\r\n<p style=\"margin-bottom:.0001pt; margin:0in 0in 8pt\"><span style=\"font-size:11pt\"><span style=\"background:white\"><span style=\"line-height:normal\"><span style=\"font-family:Calibri,sans-serif\"><span style=\"font-size:18.0pt\"><span style=\"font-family:&quot;Arial&quot;,&quot;sans-serif&quot;\"><span style=\"color:#29323d\"><span style=\"text-transform:uppercase\">10. UNCLAIMED PROPERTY</span></span></span></span></span></span></span></span></p>\r\n\r\n<p style=\"margin-bottom:.0001pt; margin:0in 0in 8pt\">&nbsp;</p>\r\n\r\n<p style=\"margin-bottom:7.5pt; margin:0in 0in 8pt\"><span style=\"font-size:11pt\"><span style=\"background:white\"><span style=\"line-height:normal\"><span style=\"font-family:Calibri,sans-serif\"><span style=\"font-size:9.0pt\"><span style=\"font-family:&quot;Arial&quot;,&quot;sans-serif&quot;\"><span style=\"color:#333333\">If for any reason Ebull is holding Virtual Currency in your Hosted Wallet on your behalf, and we are unable to return your Virtual Currency to your designated External Virtual Currency Address after a period of inactivity, then we may report and remit such Virtual Currency in accordance with applicable state unclaimed property laws.</span></span></span></span></span></span></span></p>\r\n\r\n<p style=\"margin-bottom:.0001pt; margin:0in 0in 8pt\"><span style=\"font-size:11pt\"><span style=\"background:white\"><span style=\"line-height:normal\"><span style=\"font-family:Calibri,sans-serif\"><span style=\"font-size:18.0pt\"><span style=\"font-family:&quot;Arial&quot;,&quot;sans-serif&quot;\"><span style=\"color:#29323d\"><span style=\"text-transform:uppercase\">11. ACCEPTABLE USE</span></span></span></span></span></span></span></span></p>\r\n\r\n<p style=\"margin-bottom:.0001pt; margin:0in 0in 8pt\">&nbsp;</p>\r\n\r\n<p style=\"margin-bottom:7.5pt; margin:0in 0in 8pt\"><span style=\"font-size:11pt\"><span style=\"background:white\"><span style=\"line-height:normal\"><span style=\"font-family:Calibri,sans-serif\"><span style=\"font-size:9.0pt\"><span style=\"font-family:&quot;Arial&quot;,&quot;sans-serif&quot;\"><span style=\"color:#333333\">When accessing or using the Services, you agree that you will not violate any law, contract, intellectual property or other third-party right, or commit a tort, and that you are solely responsible for your conduct while using our Services. Without limiting the generality of the foregoing, you agree that you will not:</span></span></span></span></span></span></span></p>\r\n\r\n<ul>\r\n	<li style=\"margin:0in 0in 8pt\"><span style=\"font-size:11pt\"><span style=\"background:white\"><span style=\"color:#333333\"><span style=\"line-height:normal\"><span style=\"tab-stops:list .5in\"><span style=\"font-family:Calibri,sans-serif\"><span style=\"font-size:9.0pt\"><span style=\"font-family:&quot;Arial&quot;,&quot;sans-serif&quot;\">Use our Services in any manner that could interfere with, disrupt, negatively affect, or inhibit other users from fully enjoying our Services, or that could damage, disable, overburden, or impair the functioning of our Services in any manner;</span></span></span></span></span></span></span></span></li>\r\n	<li style=\"margin:0in 0in 8pt\"><span style=\"font-size:11pt\"><span style=\"background:white\"><span style=\"color:#333333\"><span style=\"line-height:normal\"><span style=\"tab-stops:list .5in\"><span style=\"font-family:Calibri,sans-serif\"><span style=\"font-size:9.0pt\"><span style=\"font-family:&quot;Arial&quot;,&quot;sans-serif&quot;\">Use our Services to pay for, support, or otherwise engage in any illegal gambling activities; fraud; money-laundering; or terrorist activities; or other illegal activities;</span></span></span></span></span></span></span></span></li>\r\n	<li style=\"margin:0in 0in 8pt\"><span style=\"font-size:11pt\"><span style=\"background:white\"><span style=\"color:#333333\"><span style=\"line-height:normal\"><span style=\"tab-stops:list .5in\"><span style=\"font-family:Calibri,sans-serif\"><span style=\"font-size:9.0pt\"><span style=\"font-family:&quot;Arial&quot;,&quot;sans-serif&quot;\">Use any robot, spider, crawler, scraper, or other automated means or interface not provided by us to access our Services or to extract data;</span></span></span></span></span></span></span></span></li>\r\n	<li style=\"margin:0in 0in 8pt\"><span style=\"font-size:11pt\"><span style=\"background:white\"><span style=\"color:#333333\"><span style=\"line-height:normal\"><span style=\"tab-stops:list .5in\"><span style=\"font-family:Calibri,sans-serif\"><span style=\"font-size:9.0pt\"><span style=\"font-family:&quot;Arial&quot;,&quot;sans-serif&quot;\">Use or attempt to use another user&rsquo;s account without authorization;</span></span></span></span></span></span></span></span></li>\r\n	<li style=\"margin:0in 0in 8pt\"><span style=\"font-size:11pt\"><span style=\"background:white\"><span style=\"color:#333333\"><span style=\"line-height:normal\"><span style=\"tab-stops:list .5in\"><span style=\"font-family:Calibri,sans-serif\"><span style=\"font-size:9.0pt\"><span style=\"font-family:&quot;Arial&quot;,&quot;sans-serif&quot;\">Attempt to circumvent any content filtering techniques we employ, or attempt to access any service or area of our Services that you are not authorized to access;</span></span></span></span></span></span></span></span></li>\r\n	<li style=\"margin:0in 0in 8pt\"><span style=\"font-size:11pt\"><span style=\"background:white\"><span style=\"color:#333333\"><span style=\"line-height:normal\"><span style=\"tab-stops:list .5in\"><span style=\"font-family:Calibri,sans-serif\"><span style=\"font-size:9.0pt\"><span style=\"font-family:&quot;Arial&quot;,&quot;sans-serif&quot;\">Introduce to the Services any malware, virus, trojan worms, logic bombs, or other harmful material;</span></span></span></span></span></span></span></span></li>\r\n	<li style=\"margin:0in 0in 8pt\"><span style=\"font-size:11pt\"><span style=\"background:white\"><span style=\"color:#333333\"><span style=\"line-height:normal\"><span style=\"tab-stops:list .5in\"><span style=\"font-family:Calibri,sans-serif\"><span style=\"font-size:9.0pt\"><span style=\"font-family:&quot;Arial&quot;,&quot;sans-serif&quot;\">Develop any third-party applications that interact with our Services without our prior written consent, or unless otherwise agreed;</span></span></span></span></span></span></span></span></li>\r\n	<li style=\"margin:0in 0in 8pt\"><span style=\"font-size:11pt\"><span style=\"background:white\"><span style=\"color:#333333\"><span style=\"line-height:normal\"><span style=\"tab-stops:list .5in\"><span style=\"font-family:Calibri,sans-serif\"><span style=\"font-size:9.0pt\"><span style=\"font-family:&quot;Arial&quot;,&quot;sans-serif&quot;\">Provide false, inaccurate, or misleading information;</span></span></span></span></span></span></span></span></li>\r\n	<li style=\"margin:0in 0in 8pt\"><span style=\"font-size:11pt\"><span style=\"background:white\"><span style=\"color:#333333\"><span style=\"line-height:normal\"><span style=\"tab-stops:list .5in\"><span style=\"font-family:Calibri,sans-serif\"><span style=\"font-size:9.0pt\"><span style=\"font-family:&quot;Arial&quot;,&quot;sans-serif&quot;\">Post content or communications that are, in our sole discretion, libelous, defamatory, profane, obscene, pornographic, sexually explicit, indecent, lewd, vulgar, suggestive, harassing, hateful, threatening, offensive, discriminatory, bigoted, abusive, inflammatory, fraudulent, deceptive or otherwise objectionable;</span></span></span></span></span></span></span></span></li>\r\n	<li style=\"margin:0in 0in 8pt\"><span style=\"font-size:11pt\"><span style=\"background:white\"><span style=\"color:#333333\"><span style=\"line-height:normal\"><span style=\"tab-stops:list .5in\"><span style=\"font-family:Calibri,sans-serif\"><span style=\"font-size:9.0pt\"><span style=\"font-family:&quot;Arial&quot;,&quot;sans-serif&quot;\">Post content containing unsolicited promotions, political campaigning, or commercial messages (SPAM) or any chain messages or user content designed to deceive or trick the user of the Service;</span></span></span></span></span></span></span></span></li>\r\n	<li style=\"margin:0in 0in 8pt\"><span style=\"font-size:11pt\"><span style=\"background:white\"><span style=\"color:#333333\"><span style=\"line-height:normal\"><span style=\"tab-stops:list .5in\"><span style=\"font-family:Calibri,sans-serif\"><span style=\"font-size:9.0pt\"><span style=\"font-family:&quot;Arial&quot;,&quot;sans-serif&quot;\">Post content containing private information of any third-party including, but not limited to, addresses, phone numbers, email addresses, Social Security numbers and credit card numbers; and</span></span></span></span></span></span></span></span></li>\r\n	<li style=\"margin:0in 0in 8pt\"><span style=\"font-size:11pt\"><span style=\"background:white\"><span style=\"color:#333333\"><span style=\"line-height:normal\"><span style=\"tab-stops:list .5in\"><span style=\"font-family:Calibri,sans-serif\"><span style=\"font-size:9.0pt\"><span style=\"font-family:&quot;Arial&quot;,&quot;sans-serif&quot;\">Encourage or induce any third party to engage in any of the activities prohibited under this Section.</span></span></span></span></span></span></span></span></li>\r\n</ul>\r\n\r\n<p style=\"margin-bottom:.0001pt; margin:0in 0in 8pt\"><span style=\"font-size:11pt\"><span style=\"background:white\"><span style=\"line-height:normal\"><span style=\"font-family:Calibri,sans-serif\"><span style=\"font-size:18.0pt\"><span style=\"font-family:&quot;Arial&quot;,&quot;sans-serif&quot;\"><span style=\"color:#29323d\"><span style=\"text-transform:uppercase\">12. FEEDBACK</span></span></span></span></span></span></span></span></p>\r\n\r\n<p style=\"margin-bottom:.0001pt; margin:0in 0in 8pt\">&nbsp;</p>\r\n\r\n<p style=\"margin-bottom:7.5pt; margin:0in 0in 8pt\"><span style=\"font-size:11pt\"><span style=\"background:white\"><span style=\"line-height:normal\"><span style=\"font-family:Calibri,sans-serif\"><span style=\"font-size:9.0pt\"><span style=\"font-family:&quot;Arial&quot;,&quot;sans-serif&quot;\"><span style=\"color:#333333\">We will own exclusive rights, including all intellectual property rights, to any feedback, suggestions, ideas, or other information or materials regarding Ebull or our Services that you provide, whether by email, posting through our Services, or otherwise (&ldquo;<b><i>Feedback</i></b>&rdquo;). Any Feedback you submit is non-confidential and shall become the sole property of Ebull. We will be entitled to the unrestricted use and dissemination of such Feedback for any purpose, commercial or otherwise, without acknowledgment or compensation to you. You waive any rights you may have to the Feedback (including any copyrights or moral rights). Do not send us Feedback if you expect to be paid or want to continue to own or claim rights in them; your idea might be great, but we may have already had the same or a similar idea and we do not want disputes. We also have the right to disclose your identity to any third party who is claiming that any content posted constitutes a violation of their intellectual property rights, or of their right to privacy. We have the right to remove any posting you make on our site if, in our opinion, your post does not comply with the requirements set out in this Section 12 or in Section 11 (Acceptable Use) Further, you agree not to submit any Feedback that is defamatory, illegal, offensive, or otherwise violates any right of any third party, or breaches any agreement between you and any third party.</span></span></span></span></span></span></span></p>\r\n\r\n<p style=\"margin-bottom:7.5pt; margin:0in 0in 8pt\"><span style=\"font-size:11pt\"><span style=\"background:white\"><span style=\"line-height:normal\"><span style=\"font-family:Calibri,sans-serif\"><span style=\"font-size:9.0pt\"><span style=\"font-family:&quot;Arial&quot;,&quot;sans-serif&quot;\"><span style=\"color:#333333\">A user may report to Ebull any Feedback that he or she believes violates these Terms, and Ebull may remove the Feedback from the Site, suspend or terminate the account of the user who submitted the Feedback, and/or take any additional action to enforce these Terms against such user.</span></span></span></span></span></span></span></p>\r\n\r\n<p style=\"margin-bottom:7.5pt; margin:0in 0in 8pt\"><span style=\"font-size:11pt\"><span style=\"background:white\"><span style=\"line-height:normal\"><span style=\"font-family:Calibri,sans-serif\"><span style=\"font-size:9.0pt\"><span style=\"font-family:&quot;Arial&quot;,&quot;sans-serif&quot;\"><span style=\"color:#333333\">Also, in accordance with the Digital Millennium Copyright Act (<b><i>DMCA</i></b>) and other applicable law, Ebull has adopted a policy of terminating, in appropriate circumstances and at our discretion, account holders who are deemed to be repeat infringers. We also may, at our discretion, limit access to the Services and terminate the accounts of any users who infringe any intellectual property rights of others, whether or not there is any repeat infringement.</span></span></span></span></span></span></span></p>\r\n\r\n<p style=\"margin-bottom:7.5pt; margin:0in 0in 8pt\"><span style=\"font-size:11pt\"><span style=\"background:white\"><span style=\"line-height:normal\"><span style=\"font-family:Calibri,sans-serif\"><span style=\"font-size:9.0pt\"><span style=\"font-family:&quot;Arial&quot;,&quot;sans-serif&quot;\"><span style=\"color:#333333\">If you think that anything on the Services, including any Feedback, infringes upon any copyright that you own or control, you may file a notification with Ebull&#39;s Designated Agent as set forth below:</span></span></span></span></span></span></span></p>\r\n\r\n<p style=\"margin-top:0in; margin-right:0in; margin-bottom:12.0pt; margin-left:.5in; margin:0in 0in 8pt\"><span style=\"font-size:11pt\"><span style=\"background:white\"><span style=\"line-height:normal\"><span style=\"font-family:Calibri,sans-serif\"><span style=\"font-size:9.0pt\"><span style=\"font-family:&quot;Arial&quot;,&quot;sans-serif&quot;\"><span style=\"color:#333333\">Email Address of Designated Agent:&nbsp;</span></span></span><span style=\"font-size:9.0pt\"><span style=\"font-family:&quot;Arial&quot;,&quot;sans-serif&quot;\"><span style=\"color:#337ab7\">dmca@ebull.io</span></span></span></span></span></span></span></p>\r\n\r\n<p style=\"margin-bottom:7.5pt; margin:0in 0in 8pt\"><span style=\"font-size:11pt\"><span style=\"background:white\"><span style=\"line-height:normal\"><span style=\"font-family:Calibri,sans-serif\"><span style=\"font-size:9.0pt\"><span style=\"font-family:&quot;Arial&quot;,&quot;sans-serif&quot;\"><span style=\"color:#333333\">Please see 17 U.S.C. &sect; 512(c)(3) for the requirements of a proper notification. If you knowingly misrepresent that any material or activity is infringing, you may be liable for any damages, including costs and attorneys&rsquo; fees, Ebull or the alleged infringer incurs because we relied on the misrepresentation when removing or disabling access to the material or activity.</span></span></span></span></span></span></span></p>\r\n\r\n<p style=\"margin-bottom:.0001pt; margin:0in 0in 8pt\"><span style=\"font-size:11pt\"><span style=\"background:white\"><span style=\"line-height:normal\"><span style=\"font-family:Calibri,sans-serif\"><span style=\"font-size:18.0pt\"><span style=\"font-family:&quot;Arial&quot;,&quot;sans-serif&quot;\"><span style=\"color:#29323d\"><span style=\"text-transform:uppercase\">13. COPYRIGHTS AND OTHER INTELLECTUAL PROPERTY RIGHTS</span></span></span></span></span></span></span></span></p>\r\n\r\n<p style=\"margin-bottom:.0001pt; margin:0in 0in 8pt\">&nbsp;</p>\r\n\r\n<p style=\"margin-bottom:7.5pt; margin:0in 0in 8pt\"><span style=\"font-size:11pt\"><span style=\"background:white\"><span style=\"line-height:normal\"><span style=\"font-family:Calibri,sans-serif\"><span style=\"font-size:9.0pt\"><span style=\"font-family:&quot;Arial&quot;,&quot;sans-serif&quot;\"><span style=\"color:#333333\">Unless otherwise indicated by us, all copyright and other intellectual property rights in all content and other materials contained on our website or provided in connection with the Services, including, without limitation, the Ebull logo and all designs, text, graphics, pictures, information, data, software, sound files, other files, and the selection and arrangement thereof (collectively, &ldquo;<b>&nbsp;<i>Ebull Materials&nbsp;</i></b>&rdquo;) are the proprietary property of Ebull or our licensors or suppliers and are protected by U.S. and international copyright laws and other intellectual property rights laws.</span></span></span></span></span></span></span></p>\r\n\r\n<p style=\"margin-bottom:7.5pt; margin:0in 0in 8pt\"><span style=\"font-size:11pt\"><span style=\"background:white\"><span style=\"line-height:normal\"><span style=\"font-family:Calibri,sans-serif\"><span style=\"font-size:9.0pt\"><span style=\"font-family:&quot;Arial&quot;,&quot;sans-serif&quot;\"><span style=\"color:#333333\">We hereby grant you a limited, nonexclusive, non-assignable, and non-sublicensable license to access and use the Ebull Materials for your personal or internal business use. Such license is subject to these Terms and does not permit (a) any resale of the Ebull Materials; (b)&nbsp;the distribution, public performance or public display of any Ebull Materials; (c)&nbsp;any modification or other making of any derivative uses of the Ebull Materials, or any portion thereof; or (d) any use of the Ebull Materials other than for their intended purposes. The license granted under this Section will automatically terminate if we suspend or terminate your access to the Services.</span></span></span></span></span></span></span></p>\r\n\r\n<p style=\"margin-bottom:.0001pt; margin:0in 0in 8pt\"><span style=\"font-size:11pt\"><span style=\"background:white\"><span style=\"line-height:normal\"><span style=\"font-family:Calibri,sans-serif\"><span style=\"font-size:18.0pt\"><span style=\"font-family:&quot;Arial&quot;,&quot;sans-serif&quot;\"><span style=\"color:#29323d\"><span style=\"text-transform:uppercase\">14. TRADEMARKS</span></span></span></span></span></span></span></span></p>\r\n\r\n<p style=\"margin-bottom:.0001pt; margin:0in 0in 8pt\">&nbsp;</p>\r\n\r\n<p style=\"margin-bottom:7.5pt; margin:0in 0in 8pt\"><span style=\"font-size:11pt\"><span style=\"background:white\"><span style=\"line-height:normal\"><span style=\"font-family:Calibri,sans-serif\"><span style=\"font-size:9.0pt\"><span style=\"font-family:&quot;Arial&quot;,&quot;sans-serif&quot;\"><span style=\"color:#333333\">&ldquo;Ebull,&rdquo; the Ebull logo, and any other Ebull product or service names, logos, or slogans that may appear on our Services are trademarks of Ebull, in the United States and in other countries, and may not be copied, imitated, or used, in whole or in part, without our prior written permission. You shall not use any trademark, product or service name of Ebull without our prior written permission, including without limitation any metatags or other &ldquo;hidden text&rdquo; utilizing any trademark, product, or service name of Ebull. In addition, the look and feel of our Services, including all page headers, custom graphics, button icons, and scripts, is the service mark, trademark, and/or trade dress of Ebull and may not be copied, imitated, or used, in whole or in part, without our prior written permission. All other trademarks, registered trademarks, product names, and company names or logos mentioned through our Services are the property of their respective owners. Reference to any products, services, processes, or other information, by name, trademark, manufacturer, supplier, or otherwise does not constitute or imply endorsement, sponsorship, or recommendation by us.</span></span></span></span></span></span></span></p>\r\n\r\n<p style=\"margin-bottom:.0001pt; margin:0in 0in 8pt\"><span style=\"font-size:11pt\"><span style=\"background:white\"><span style=\"line-height:normal\"><span style=\"font-family:Calibri,sans-serif\"><span style=\"font-size:18.0pt\"><span style=\"font-family:&quot;Arial&quot;,&quot;sans-serif&quot;\"><span style=\"color:#29323d\"><span style=\"text-transform:uppercase\">15. THIRD-PARTY CONTENT</span></span></span></span></span></span></span></span></p>\r\n\r\n<p style=\"margin-bottom:.0001pt; margin:0in 0in 8pt\">&nbsp;</p>\r\n\r\n<p style=\"margin-bottom:7.5pt; margin:0in 0in 8pt\"><span style=\"font-size:11pt\"><span style=\"background:white\"><span style=\"line-height:normal\"><span style=\"font-family:Calibri,sans-serif\"><span style=\"font-size:9.0pt\"><span style=\"font-family:&quot;Arial&quot;,&quot;sans-serif&quot;\"><span style=\"color:#333333\">In using our Services, you may view content provided by third parties (&ldquo;<b><i>Third-Party Content</i></b>&rdquo;). We do not control, endorse, or adopt any Third-Party Content and shall have no responsibility for Third-Party Content, including without limitation material that may be misleading, incomplete, erroneous, offensive, indecent, or otherwise objectionable. In addition, your business dealings or correspondence with such third parties are solely between you and the third parties. We are not responsible or liable for any loss or damage of any sort incurred as the result of any such dealings, and you understand that your use of Third-Party Content, and your interactions with third parties, is at your own risk.</span></span></span></span></span></span></span></p>\r\n\r\n<p style=\"margin-bottom:.0001pt; margin:0in 0in 8pt\"><span style=\"font-size:11pt\"><span style=\"background:white\"><span style=\"line-height:normal\"><span style=\"font-family:Calibri,sans-serif\"><span style=\"font-size:18.0pt\"><span style=\"font-family:&quot;Arial&quot;,&quot;sans-serif&quot;\"><span style=\"color:#29323d\"><span style=\"text-transform:uppercase\">16. SUSPENSION; TERMINATION; DISCONTINUANCE OF SERVICES</span></span></span></span></span></span></span></span></p>\r\n\r\n<p style=\"margin-bottom:.0001pt; margin:0in 0in 8pt\">&nbsp;</p>\r\n\r\n<p style=\"margin-bottom:7.5pt; margin:0in 0in 8pt\"><span style=\"font-size:11pt\"><span style=\"background:white\"><span style=\"line-height:normal\"><span style=\"font-family:Calibri,sans-serif\"><span style=\"font-size:9.0pt\"><span style=\"font-family:&quot;Arial&quot;,&quot;sans-serif&quot;\"><span style=\"color:#333333\">In the event of any Force Majeure Event (as defined in Section 22.3), breach of these Terms, or any other event that would make provision of the Services commercially unreasonable for Ebull, we may, in our discretion and without liability to you, with or without prior notice, suspend your access to all or a portion of our Services. We may terminate your access to the Services in our sole discretion, immediately and without prior notice, and delete or deactivate your Ebull Account and all related information and files in such account without liability to you, including, for instance, in the event that you breach any term of these Terms. In the event of termination, we will attempt to return any Virtual Currency stored in your Hosted Wallet. Further, we may, in our sole discretion and without liability to you, with or without prior notice and at any time, modify or discontinue, temporarily or permanently, any portion of our Services.</span></span></span></span></span></span></span></p>\r\n\r\n<p style=\"margin-bottom:.0001pt; margin:0in 0in 8pt\"><span style=\"font-size:11pt\"><span style=\"background:white\"><span style=\"line-height:normal\"><span style=\"font-family:Calibri,sans-serif\"><span style=\"font-size:18.0pt\"><span style=\"font-family:&quot;Arial&quot;,&quot;sans-serif&quot;\"><span style=\"color:#29323d\"><span style=\"text-transform:uppercase\">17. DISCLAIMER OF WARRANTIES</span></span></span></span></span></span></span></span></p>\r\n\r\n<p style=\"margin-bottom:.0001pt; margin:0in 0in 8pt\">&nbsp;</p>\r\n\r\n<p style=\"margin-bottom:7.5pt; margin:0in 0in 8pt\"><span style=\"font-size:11pt\"><span style=\"background:white\"><span style=\"line-height:normal\"><span style=\"font-family:Calibri,sans-serif\"><span style=\"font-size:9.0pt\"><span style=\"font-family:&quot;Arial&quot;,&quot;sans-serif&quot;\"><span style=\"color:#333333\">TO THE MAXIMUM EXTENT PERMITTED UNDER APPLICABLE LAW, AND EXCEPT AS EXPRESSLY PROVIDED TO THE CONTRARY IN A WRITING BY US, OUR SERVICES AND SITE MATERIALS ARE PROVIDED ON AN &ldquo;AS IS&rdquo; AND &ldquo;AS AVAILABLE&rdquo; BASIS AND WE EXPRESSLY DISCLAIM, AND YOU WAIVE, ALL WARRANTIES OF ANY KIND, WHETHER EXPRESS OR IMPLIED, INCLUDING, WITHOUT LIMITATION, IMPLIED WARRANTIES OF MERCHANTABILITY, FITNESS FOR A PARTICULAR PURPOSE, TITLE AND NON-INFRINGEMENT AS TO OUR SERVICES, INCLUDING THE INFORMATION, CONTENT AND EBULL MATERIALS CONTAINED THEREIN. EBULL DOES NOT REPRESENT OR WARRANT THAT MATERIALS IN THE SITE OR THE SERVICES ARE ACCURATE, COMPLETE, RELIABLE, CURRENT OR ERROR-FREE. EBULL DOES NOT REPRESENT OR WARRANT THAT THE SERVICES ARE FREE OF VIRUSES OR OTHER HARMFUL COMPONENTS.</span></span></span></span></span></span></span></p>\r\n\r\n<p style=\"margin-bottom:7.5pt; margin:0in 0in 8pt\"><span style=\"font-size:11pt\"><span style=\"background:white\"><span style=\"line-height:normal\"><span style=\"font-family:Calibri,sans-serif\"><span style=\"font-size:9.0pt\"><span style=\"font-family:&quot;Arial&quot;,&quot;sans-serif&quot;\"><span style=\"color:#333333\">YOU ACKNOWLEDGE THAT INFORMATION YOU STORE OR TRANSFER THROUGH OUR SERVICES MAY BECOME IRRETRIEVABLY LOST OR CORRUPTED OR TEMPORARILY UNAVAILABLE DUE TO A VARIETY OF CAUSES, INCLUDING SOFTWARE FAILURES, VIRUSES OR OTHER HARMFUL MATERIALS, PROTOCOL CHANGES BY THIRD PARTY PROVIDERS, INTERNET OUTAGES, FORCE MAJEURE EVENT OR OTHER DISASTERS, SCHEDULED OR UNSCHEDULED MAINTENANCE, OR OTHER CAUSES EITHER WITHIN OR OUTSIDE OUR CONTROL. YOU ARE SOLELY RESPONSIBLE FOR BACKING UP AND MAINTAINING DUPLICATE COPIES OF ANY INFORMATION YOU STORE OR TRANSFER THROUGH OUR SERVICES.&nbsp;<br />\r\n<br />\r\nSome jurisdictions do not allow the disclaimer of implied terms in contracts with consumer, so some or all of the disclaimers in this section may not apply to you.</span></span></span></span></span></span></span></p>\r\n\r\n<p style=\"margin-bottom:.0001pt; margin:0in 0in 8pt\"><span style=\"font-size:11pt\"><span style=\"background:white\"><span style=\"line-height:normal\"><span style=\"font-family:Calibri,sans-serif\"><span style=\"font-size:18.0pt\"><span style=\"font-family:&quot;Arial&quot;,&quot;sans-serif&quot;\"><span style=\"color:#29323d\"><span style=\"text-transform:uppercase\">18. INDEMNITY</span></span></span></span></span></span></span></span></p>\r\n\r\n<p style=\"margin-bottom:.0001pt; margin:0in 0in 8pt\">&nbsp;</p>\r\n\r\n<p style=\"margin-bottom:7.5pt; margin:0in 0in 8pt\"><span style=\"font-size:11pt\"><span style=\"background:white\"><span style=\"line-height:normal\"><span style=\"font-family:Calibri,sans-serif\"><span style=\"font-size:9.0pt\"><span style=\"font-family:&quot;Arial&quot;,&quot;sans-serif&quot;\"><span style=\"color:#333333\">You agree to defend, indemnify, and hold harmless Ebull and our affiliates, independent contractors and service providers, and each of our respective officers, directors, members, employees, agents, and affiliates (collectively, &ldquo;<b><i>Indemnified Parties</i></b>&rdquo;) from any claim, demand, action, damage, loss, cost or expense, including without limitation reasonable attorneys&rsquo; fees, arising out or relating to (a) your use of, or conduct in connection with, our Services; (b) any Feedback you provide; (c) your violation of these Terms; or (d) your violation of any rights of any other person or entity. If you are obligated to indemnify us, we will have the right, in our sole discretion, to control any action or proceeding and determine whether we wish to settle it, and if so, on what terms.</span></span></span></span></span></span></span></p>\r\n\r\n<p style=\"margin-bottom:.0001pt; margin:0in 0in 8pt\"><span style=\"font-size:11pt\"><span style=\"background:white\"><span style=\"line-height:normal\"><span style=\"font-family:Calibri,sans-serif\"><span style=\"font-size:18.0pt\"><span style=\"font-family:&quot;Arial&quot;,&quot;sans-serif&quot;\"><span style=\"color:#29323d\"><span style=\"text-transform:uppercase\">19. LIMITATION OF LIABILITY</span></span></span></span></span></span></span></span></p>\r\n\r\n<p style=\"margin-bottom:.0001pt; margin:0in 0in 8pt\">&nbsp;</p>\r\n\r\n<p style=\"margin-bottom:7.5pt; margin:0in 0in 8pt\"><span style=\"font-size:11pt\"><span style=\"background:white\"><span style=\"line-height:normal\"><span style=\"font-family:Calibri,sans-serif\"><span style=\"font-size:9.0pt\"><span style=\"font-family:&quot;Arial&quot;,&quot;sans-serif&quot;\"><span style=\"color:#333333\">THE INDEMNIFIED PARTIES SHALL HAVE NO LIABILITY FOR, AND YOU RELEASE THE INDEMNIFIED PARTIES FROM, ALL DAMAGES, COSTS AND LIABILITIES ARISING FROM OR RELATED TO YOUR USE OR INABILITY TO USE THE SERVICES OR EBULL MATERIALS, INCLUDING WITHOUT LIMITATION ANY DIRECT, INDIRECT, INCIDENTAL, CONSEQUENTIAL, ECONOMIC, SPECIAL OR PUNITIVE DAMAGES OR DAMAGES FOR LOSS OF DATA, EVEN IF AN INDEMNIFIED PARTY HAS BEEN ADVISED OF THE POSSIBILITY OF SUCH DAMAGES. IN NO EVENT SHALL THE AGGREGATE LIABILITY OF THE INDEMNIFIED PARTIES, WHETHER IN CONTRACT, WARRANTY, TORT (INCLUDING NEGLIGENCE, WHETHER ACTIVE, PASSIVE OR IMPUTED), PRODUCT LIABILITY, STRICT LIABILITY OR OTHER THEORY, ARISING OUT OF OR RELATING TO THE USE OF OR INABILITY TO USE THE SERVICES AND/OR CONTENT EXCEED&nbsp;<b>T</b>HE FEES PAID BY YOU TO EBULL DURING THE 12 MONTHS IMMEDIATELY PRECEDING THE DATE OF ANY CLAIM GIVING RISE TO SUCH LIABILITY. The foregoing disclaimer of warranties, disclaimer of certain damages and limitation of liability will apply to the maximum extent permitted by applicable law. The laws of some states or jurisdictions do not allow the exclusion of implied warranties or the exclusion or limitation of certain damages. To the extent that those laws apply to these Terms, the exclusions and limitations set forth above may not apply to you.</span></span></span></span></span></span></span></p>\r\n\r\n<p style=\"margin-bottom:.0001pt; margin:0in 0in 8pt\"><span style=\"font-size:11pt\"><span style=\"background:white\"><span style=\"line-height:normal\"><span style=\"font-family:Calibri,sans-serif\"><span style=\"font-size:18.0pt\"><span style=\"font-family:&quot;Arial&quot;,&quot;sans-serif&quot;\"><span style=\"color:#29323d\"><span style=\"text-transform:uppercase\">20. DISPUTE RESOLUTION</span></span></span></span></span></span></span></span></p>\r\n\r\n<p style=\"margin-bottom:.0001pt; margin:0in 0in 8pt\">&nbsp;</p>\r\n\r\n<p style=\"margin-bottom:7.5pt; margin:0in 0in 8pt\"><span style=\"font-size:11pt\"><span style=\"background:white\"><span style=\"line-height:normal\"><span style=\"font-family:Calibri,sans-serif\"><span style=\"font-size:9.0pt\"><span style=\"font-family:&quot;Arial&quot;,&quot;sans-serif&quot;\"><span style=\"color:#333333\">PLEASE READ THE FOLLOWING PARAGRAPH CAREFULLY BECAUSE IT REQUIRES YOU TO ARBITRATE DISPUTES WITH EBULL AND LIMITS THE MANNER IN WHICH YOU CAN SEEK RELIEF FROM EBULL.</span></span></span></span></span></span></span></p>\r\n\r\n<p style=\"margin-bottom:7.5pt; margin:0in 0in 8pt\"><span style=\"font-size:11pt\"><span style=\"background:white\"><span style=\"line-height:normal\"><span style=\"font-family:Calibri,sans-serif\"><span style=\"font-size:9.0pt\"><span style=\"font-family:&quot;Arial&quot;,&quot;sans-serif&quot;\"><span style=\"color:#333333\">(a) You and Ebull agree to arbitrate any dispute arising from these Terms or your use of the Services or Ebull Materials that cannot be resolved informally, including personal injury disputes, except that you and Ebull are not required to arbitrate any dispute in which either party seeks equitable and or other relief for the alleged unlawful use of copyrights, trademarks, trade names, logos, trade secrets, or patents. ARBITRATION PREVENTS YOU FROM SUING IN COURT OR FROM HAVING A JURY TRIAL.</span></span></span></span></span></span></span></p>\r\n\r\n<p style=\"margin-bottom:7.5pt; margin:0in 0in 8pt\"><span style=\"font-size:11pt\"><span style=\"background:white\"><span style=\"line-height:normal\"><span style=\"font-family:Calibri,sans-serif\"><span style=\"font-size:9.0pt\"><span style=\"font-family:&quot;Arial&quot;,&quot;sans-serif&quot;\"><span style=\"color:#333333\">(b) You and Ebull agree: (i) to attempt informal resolution prior to any demand for arbitration; (ii) that any arbitration will occur in King County<b>,&nbsp;</b>Washington; and (iii) that arbitration will be conducted confidentially by a single arbitrator in accordance with the rules of Judicial Arbitration and Mediation Services, Inc. (&ldquo;<b><i>JAMS</i></b>&rdquo;) then in effect. Other than class procedures and remedies discussed below, the arbitrator has the authority to grant any remedy that would otherwise be available in court. WHETHER THE DISPUTE IS HEARD IN ARBITRATION OR IN COURT, YOU AND EBULL WILL NOT COMMENCE AGAINST THE OTHER A CLASS ACTION, CLASS ARBITRATION OR OTHER REPRESENTATIVE ACTION OR PROCEEDING.</span></span></span></span></span></span></span></p>\r\n\r\n<p style=\"margin-bottom:.0001pt; margin:0in 0in 8pt\"><span style=\"font-size:11pt\"><span style=\"background:white\"><span style=\"line-height:normal\"><span style=\"font-family:Calibri,sans-serif\"><span style=\"font-size:18.0pt\"><span style=\"font-family:&quot;Arial&quot;,&quot;sans-serif&quot;\"><span style=\"color:#29323d\"><span style=\"text-transform:uppercase\">21. GOVERNING LAW</span></span></span></span></span></span></span></span></p>\r\n\r\n<p style=\"margin-bottom:.0001pt; margin:0in 0in 8pt\">&nbsp;</p>\r\n\r\n<p style=\"margin-bottom:7.5pt; margin:0in 0in 8pt\"><span style=\"font-size:11pt\"><span style=\"background:white\"><span style=\"line-height:normal\"><span style=\"font-family:Calibri,sans-serif\"><span style=\"font-size:9.0pt\"><span style=\"font-family:&quot;Arial&quot;,&quot;sans-serif&quot;\"><span style=\"color:#333333\">Ebull is based in the United States and our Services are subject to U.S. law. We make no representations or warranties that the Services or Ebull Materials are appropriate or available for use in other locations. If you choose to access or use the Services and Ebull Materials from locations outside the United States, you do so at your own risk and are responsible for compliance with all applicable laws, rules and regulations.</span></span></span></span></span></span></span></p>\r\n\r\n<p style=\"margin-bottom:7.5pt; margin:0in 0in 8pt\"><span style=\"font-size:11pt\"><span style=\"background:white\"><span style=\"line-height:normal\"><span style=\"font-family:Calibri,sans-serif\"><span style=\"font-size:9.0pt\"><span style=\"font-family:&quot;Arial&quot;,&quot;sans-serif&quot;\"><span style=\"color:#333333\">The laws of the State of Washington, excluding its conflicts of law rules, govern your access to and use of the Services and Ebull Materials. Your access to and use of the Services and Ebull Materials may also be subject to other local, state, national, or international laws. To the extent the arbitration provision in Section 20 does not apply, you further agree that all disputes arising under these Terms that cannot be settled through informal negotiation will be resolved exclusively in the United States District Court for the Western District of Washington or a state court located in King County, and you agree to submit to the personal jurisdiction of such courts for the purposes of litigating all such claims.</span></span></span></span></span></span></span></p>\r\n\r\n<p style=\"margin-bottom:.0001pt; margin:0in 0in 8pt\"><span style=\"font-size:11pt\"><span style=\"background:white\"><span style=\"line-height:normal\"><span style=\"font-family:Calibri,sans-serif\"><span style=\"font-size:18.0pt\"><span style=\"font-family:&quot;Arial&quot;,&quot;sans-serif&quot;\"><span style=\"color:#29323d\"><span style=\"text-transform:uppercase\">22. MISCELLANEOUS</span></span></span></span></span></span></span></span></p>\r\n\r\n<p style=\"margin-bottom:.0001pt; margin:0in 0in 8pt\">&nbsp;</p>\r\n\r\n<p style=\"margin-top:0in; margin-right:0in; margin-bottom:7.5pt; margin-left:.5in; margin:0in 0in 8pt\"><span style=\"font-size:11pt\"><span style=\"background:white\"><span style=\"line-height:normal\"><span style=\"font-family:Calibri,sans-serif\"><b><span style=\"font-size:9.0pt\"><span style=\"font-family:&quot;Arial&quot;,&quot;sans-serif&quot;\"><span style=\"color:#333333\">22.1 Nonwaiver.</span></span></span></b><span style=\"font-size:9.0pt\"><span style=\"font-family:&quot;Arial&quot;,&quot;sans-serif&quot;\"><span style=\"color:#333333\">&nbsp;Our failure or delay in exercising any right, power, or privilege under these Terms shall not operate as a waiver thereof.</span></span></span></span></span></span></span></p>\r\n\r\n<p style=\"margin-top:0in; margin-right:0in; margin-bottom:7.5pt; margin-left:.5in; margin:0in 0in 8pt\"><span style=\"font-size:11pt\"><span style=\"background:white\"><span style=\"line-height:normal\"><span style=\"font-family:Calibri,sans-serif\"><b><span style=\"font-size:9.0pt\"><span style=\"font-family:&quot;Arial&quot;,&quot;sans-serif&quot;\"><span style=\"color:#333333\">22.2 Severability.</span></span></span></b><span style=\"font-size:9.0pt\"><span style=\"font-family:&quot;Arial&quot;,&quot;sans-serif&quot;\"><span style=\"color:#333333\">&nbsp;The invalidity or unenforceability of any of these Terms shall not affect the validity or enforceability of any other of these Terms, all of which shall remain in full force and effect.</span></span></span></span></span></span></span></p>\r\n\r\n<p style=\"margin-top:0in; margin-right:0in; margin-bottom:7.5pt; margin-left:.5in; margin:0in 0in 8pt\"><span style=\"font-size:11pt\"><span style=\"background:white\"><span style=\"line-height:normal\"><span style=\"font-family:Calibri,sans-serif\"><b><span style=\"font-size:9.0pt\"><span style=\"font-family:&quot;Arial&quot;,&quot;sans-serif&quot;\"><span style=\"color:#333333\">22.3 Force Majeure Events.</span></span></span></b><span style=\"font-size:9.0pt\"><span style=\"font-family:&quot;Arial&quot;,&quot;sans-serif&quot;\"><span style=\"color:#333333\">&nbsp;We shall not be liable for (a) any inaccuracy, error, delay in, or omission of (i) any information, or (ii) the transmission or delivery of information; or (b) any loss or damage arising from any event beyond our reasonable control, including but not limited to flood, extraordinary weather conditions, earthquake, or other act of God, fire, war, insurrection, riot, labor dispute, accident, action of government, communications, power failure, or equipment or software malfunction, or any other cause beyond our reasonable control (each, a &ldquo;<b>&nbsp;Force Majeure Event&nbsp;</b>&rdquo;).</span></span></span></span></span></span></span></p>\r\n\r\n<p style=\"margin-top:0in; margin-right:0in; margin-bottom:7.5pt; margin-left:.5in; margin:0in 0in 8pt\"><span style=\"font-size:11pt\"><span style=\"background:white\"><span style=\"line-height:normal\"><span style=\"font-family:Calibri,sans-serif\"><b><span style=\"font-size:9.0pt\"><span style=\"font-family:&quot;Arial&quot;,&quot;sans-serif&quot;\"><span style=\"color:#333333\">22.4 Assignment.</span></span></span></b><span style=\"font-size:9.0pt\"><span style=\"font-family:&quot;Arial&quot;,&quot;sans-serif&quot;\"><span style=\"color:#333333\">&nbsp;You may not assign or transfer any of your rights or obligations under these Terms without prior written consent from us, including by operation of law or in connection with any change of control. We may assign or transfer any or all of its rights under these Terms, in whole or in part, without obtaining your consent or approval.</span></span></span></span></span></span></span></p>\r\n\r\n<p style=\"margin-top:0in; margin-right:0in; margin-bottom:7.5pt; margin-left:.5in; margin:0in 0in 8pt\"><span style=\"font-size:11pt\"><span style=\"background:white\"><span style=\"line-height:normal\"><span style=\"font-family:Calibri,sans-serif\"><b><span style=\"font-size:9.0pt\"><span style=\"font-family:&quot;Arial&quot;,&quot;sans-serif&quot;\"><span style=\"color:#333333\">22.5 Headings.</span></span></span></b><span style=\"font-size:9.0pt\"><span style=\"font-family:&quot;Arial&quot;,&quot;sans-serif&quot;\"><span style=\"color:#333333\">&nbsp;Headings of sections are for convenience only and shall not be used to limit or construe such sections.</span></span></span></span></span></span></span></p>\r\n\r\n<p style=\"margin-top:0in; margin-right:0in; margin-bottom:7.5pt; margin-left:.5in; margin:0in 0in 8pt\"><span style=\"font-size:11pt\"><span style=\"background:white\"><span style=\"line-height:normal\"><span style=\"font-family:Calibri,sans-serif\"><b><span style=\"font-size:9.0pt\"><span style=\"font-family:&quot;Arial&quot;,&quot;sans-serif&quot;\"><span style=\"color:#333333\">22.6 Survival.</span></span></span></b><span style=\"font-size:9.0pt\"><span style=\"font-family:&quot;Arial&quot;,&quot;sans-serif&quot;\"><span style=\"color:#333333\">&nbsp;Sections 2 (Eligibility), 5 (Ebull Account), 7 (Risk Disclosure), 8 (Fees), 10 (Unclaimed Property), 12 (Feedback), 13 (Copyrights), 14 (Trademarks), 15 (Third-Party Content), 17 (Disclaimer of Warranties), 18 (Indemnity), 19 (Limitation of Liability), 20 (Dispute Resolution), 21 (Governing Law), and this Section 22 (Miscellaneous) shall survive any termination or expiration of these Terms.</span></span></span></span></span></span></span></p>\r\n\r\n<p style=\"margin-top:0in; margin-right:0in; margin-bottom:7.5pt; margin-left:.5in; margin:0in 0in 8pt\"><span style=\"font-size:11pt\"><span style=\"background:white\"><span style=\"line-height:normal\"><span style=\"font-family:Calibri,sans-serif\"><b><span style=\"font-size:9.0pt\"><span style=\"font-family:&quot;Arial&quot;,&quot;sans-serif&quot;\"><span style=\"color:#333333\">22.7 Entire Agreement; Order of Precedence.</span></span></span></b><span style=\"font-size:9.0pt\"><span style=\"font-family:&quot;Arial&quot;,&quot;sans-serif&quot;\"><span style=\"color:#333333\">&nbsp;These Terms contain the entire agreement, and supersede all prior and contemporaneous understandings between the parties regarding the Services. These Terms do not alter the terms or conditions of any other electronic or written agreement you may have with Ebull for the Services or for any other Ebull product or service or otherwise. In the event of any conflict between these Terms and any other agreement you may have with Ebull, the terms of that other agreement will control only if these Terms are specifically identified and declared to be overridden by such other agreement.</span></span></span></span></span></span></span></p>\r\n\r\n<p style=\"margin:0in 0in 8pt\">&nbsp;</p>\r\n',1,'2018-04-28 05:28:15','2018-04-28 05:31:22'),(3,'Privacy','privacy','Privacy','Privacy','Privacy','<p><strong>Privacy</strong></p>\r\n',1,'2018-05-02 13:44:35','2018-07-03 05:22:47'),(4,'Cookies','cookies','Cookies','Cookies','Cookies','<p><strong>Cookies</strong></p>\r\n',1,'2018-05-02 13:45:03','2018-07-03 05:23:37'),(5,'Fees','fees','Fees','Fees','Fees','<h3><em><strong>Trading Fees</strong></em></h3>\r\n\r\n<p>All trades have a 0.1% Fee.</p>\r\n\r\n<hr />\r\n<h3><em><strong>Deposit Fees</strong></em></h3>\r\n\r\n<p>All cryptocurrencies have a 0.0% Fee.</p>\r\n\r\n<hr />\r\n<h3><em><strong>Withdraw Fees</strong></em></h3>\r\n\r\n<table class=\"table table-striped border table-sm\">\r\n	<thead>\r\n		<tr>\r\n			<th data-sort=\"int\">Rank</th>\r\n			<th data-sort=\"string\">Coin</th>\r\n			<th data-sort=\"string\">Name</th>\r\n			<th data-sort=\"float\" data-sort-default=\"desc\">Withdrawal fee</th>\r\n			<th class=\"text-right\" data-sort=\"float\" data-sort-default=\"desc\">USD</th>\r\n		</tr>\r\n	</thead>\r\n	<tbody>\r\n		<tr>\r\n			<td>1</td>\r\n			<td>BTC</td>\r\n			<td>Bitcoin</td>\r\n			<td>0.0005</td>\r\n			<td class=\"text-right\" data-sort-value=\"0.07\">$ 3.25</td>\r\n		</tr>\r\n		<tr>\r\n			<td>2</td>\r\n			<td>ETH</td>\r\n			<td>Ethereum</td>\r\n			<td>0.01</td>\r\n			<td class=\"text-right\" data-sort-value=\"1.29\">$ 0.07</td>\r\n		</tr>\r\n		<tr>\r\n			<td>3</td>\r\n			<td>XRP</td>\r\n			<td>Ripple</td>\r\n			<td>1</td>\r\n			<td class=\"text-right\" data-sort-value=\"1.27\">$ 0 .28</td>\r\n		</tr>\r\n		<tr>\r\n			<td>4</td>\r\n			<td>BCH</td>\r\n			<td>Bitcoin Cash</td>\r\n			<td>0.001</td>\r\n			<td class=\"text-right\" data-sort-value=\"1.27\">$ 0.46</td>\r\n		</tr>\r\n		<tr>\r\n			<td>5</td>\r\n			<td>LTC</td>\r\n			<td>Litecoin</td>\r\n			<td>0.001</td>\r\n			<td class=\"text-right\" data-sort-value=\"1.25\">$&nbsp;0.05</td>\r\n		</tr>\r\n	</tbody>\r\n</table>\r\n',1,'2018-05-02 13:45:22','2018-09-14 02:04:30'),(6,'Security','security','Security','Security','Security','<p><strong>Security</strong></p>\r\n',1,'2018-05-02 13:45:41','2018-07-03 08:26:44'),(7,'Supported Currency','supported-currency','Supported Currency','Supported Currency','Supported Currency','<div class=\"about-main-s\">\r\n<div class=\"col-md-12\">\r\n<div class=\"abt-top\">\r\n<p align=\"left\"><h2 class=\"deflt-hding\"><em><strong>Supported Currencies</strong></em></h2></p>\r\n\r\n<p align=\"left\"><img alt=\"\" src=\"https://i.imgur.com/PRuabdv.png\" style=\"width: 140px; height: 135px;\" /></p>\r\n\r\n<p align=\"left\">Bitcoin is a cryptocurrency, a form of electronic cash. It is a decentralized digital currency without a central bank or single administrator that can be sent from user to user on the peer-to-peer bitcoin network without the need for intermediaries.&nbsp;<a data-ved=\"2ahUKEwix4YqYrbndAhWrrFkKHbWKC5UQmhMwG3oECAYQIA\" href=\"https://en.wikipedia.org/wiki/Bitcoin\" ping=\"/url?sa=t&amp;source=web&amp;rct=j&amp;url=https://en.wikipedia.org/wiki/Bitcoin&amp;ved=2ahUKEwix4YqYrbndAhWrrFkKHbWKC5UQmhMwG3oECAYQIA\">Wikipedia</a></p>\r\n\r\n<p align=\"left\">Initial release:&nbsp;0.1.0 / 9 January 2009 (9 years ago)</p>\r\n\r\n<p align=\"left\">Ledger start:&nbsp;3 January 2009 (9 years ago)</p>\r\n\r\n<p align=\"left\">Coins:&nbsp;Unspent outputs of transactions (in multiples of a satoshi)</p>\r\n\r\n<p align=\"left\">Supply limit:&nbsp;21,000,000</p>\r\n\r\n<p align=\"left\">Founder:&nbsp;Satoshi Nakamoto</p>\r\n\r\n<p align=\"left\">Programming language:&nbsp;C++</p>\r\n\r\n<p align=\"left\"><img alt=\"\" src=\"https://i.imgur.com/ciOYJct.png\" style=\"width: 149px; height: 133px;\" /></p>\r\n\r\n<p align=\"left\">Litecoin is a peer-to-peer cryptocurrency and open source software project released under the MIT/X11 license. Creation and transfer of coins is based on an open source cryptographic protocol and is not managed by any central authority. Litecoin was an early bitcoin spinoff or altcoin, starting in October 2011.&nbsp;<a data-ved=\"2ahUKEwixj-aBrrndAhVvx1kKHfeQCsEQmhMwJnoECAcQIA\" href=\"https://en.wikipedia.org/wiki/Litecoin\" ping=\"/url?sa=t&amp;source=web&amp;rct=j&amp;url=https://en.wikipedia.org/wiki/Litecoin&amp;ved=2ahUKEwixj-aBrrndAhVvx1kKHfeQCsEQmhMwJnoECAcQIA\">Wikipedia</a></p>\r\n\r\n<p align=\"left\">Original author(s):&nbsp;Charlie Lee</p>\r\n\r\n<p align=\"left\">Initial release:&nbsp;0.1.0 / 7 October 2011; 6 years ago</p>\r\n\r\n<p align=\"left\">Forked from:&nbsp;Bitcoin</p>\r\n\r\n<p align=\"left\">Supply limit:&nbsp;84,000,000 LTC</p>\r\n\r\n<p align=\"left\">Symbol:&nbsp;</p>\r\n\r\n<p align=\"left\">Circulating supply:&nbsp;56,851,198 LTC (6 June 2018)</p>\r\n\r\n<p align=\"left\"><img alt=\"\" src=\"https://i.imgur.com/p2C8W78.png\" style=\"width: 130px; height: 129px;\" /></p>\r\n\r\n<p align=\"left\">Ethereum is an open-source, public, blockchain-based distributed computing platform and operating system featuring smart contract functionality. It supports a modified version of Nakamoto consensus via transaction-based state transitions.&nbsp;<a data-ved=\"2ahUKEwj9otyorrndAhXLo1kKHX0ODwkQmhMwJHoECAgQIQ\" href=\"https://en.wikipedia.org/wiki/Ethereum\" ping=\"/url?sa=t&amp;source=web&amp;rct=j&amp;url=https://en.wikipedia.org/wiki/Ethereum&amp;ved=2ahUKEwj9otyorrndAhXLo1kKHX0ODwkQmhMwJHoECAgQIQ\">Wikipedia</a></p>\r\n\r\n<p align=\"left\">Initial release date:&nbsp;July 30, 2015</p>\r\n\r\n<p align=\"left\">Written in:&nbsp;Go,&nbsp;C++,&nbsp;Rust,&nbsp;Solidity</p>\r\n\r\n<p align=\"left\"><img alt=\"\" src=\"https://i.imgur.com/KoNmkbo.png\" style=\"width: 145px; height: 130px;\" /></p>\r\n\r\n<p align=\"left\">Bitcoin Cash is a cryptocurrency. In mid-2017, a group of developers wanting to increase bitcoin&#39;s block size limit prepared a code change. The change, called a hard fork, took effect on 1 August 2017. As a result, the bitcoin ledger called the blockchain and the cryptocurrency split in two.<a data-ved=\"2ahUKEwihsefKrrndAhWEuVkKHW-ACpoQmhMwHHoECAgQIA\" href=\"https://en.wikipedia.org/wiki/Bitcoin_Cash\" ping=\"/url?sa=t&amp;source=web&amp;rct=j&amp;url=https://en.wikipedia.org/wiki/Bitcoin_Cash&amp;ved=2ahUKEwihsefKrrndAhWEuVkKHW-ACpoQmhMwHHoECAgQIA\">Wikipedia</a></p>\r\n\r\n<p align=\"left\">First block after split (block #478559):&nbsp;1 August 2017 (12 months ago)</p>\r\n\r\n<p align=\"left\">Block #1:&nbsp;9 January 2009 (9 years ago)</p>\r\n\r\n<p align=\"left\">Block reward:&nbsp;12.5 BCH</p>\r\n\r\n<p align=\"left\">Genesis block:&nbsp;3 January 2009 (9 years ago)</p>\r\n\r\n<p align=\"left\">Coins:&nbsp;Unspent outputs of transactions</p>\r\n\r\n<p align=\"left\">Supply limit:&nbsp;21,000,000 BCH</p>\r\n\r\n<p align=\"left\">Hash function:&nbsp;SHA-256</p>\r\n\r\n<p align=\"left\"><img alt=\"\" src=\"https://i.imgur.com/ekM4EkC.png\" style=\"width: 136px; height: 138px;\" /></p>\r\n\r\n<p align=\"left\">Ripple is a real-time gross settlement system, currency exchange and remittance network created by Ripple Labs Inc., a US based technology company. Also called the XRP Ledger, Ripple is built upon a distributed open source internet protocol, consensus ledger and the decentralized native cryptocurrency known as XRP.&nbsp;<a data-ved=\"2ahUKEwiE8PPprrndAhWsxFkKHVQGAlIQmhMwKnoECAcQJA\" href=\"https://en.wikipedia.org/wiki/Ripple_(payment_protocol)\" ping=\"/url?sa=t&amp;source=web&amp;rct=j&amp;url=https://en.wikipedia.org/wiki/Ripple_(payment_protocol)&amp;ved=2ahUKEwiE8PPprrndAhWsxFkKHVQGAlIQmhMwKnoECAcQJA\">Wikipedia</a></p>\r\n\r\n<p align=\"left\">Original author(s):&nbsp;Arthur Britto, David Schwartz,&nbsp;Ryan Fugger</p>\r\n\r\n<p align=\"left\">Initial release:&nbsp;2012</p>\r\n\r\n<p align=\"left\">Founder:&nbsp;Chris Larsen</p>\r\n\r\n<p align=\"left\">Stable release:&nbsp;1.0.0 / 15 May 2018</p>\r\n\r\n<p align=\"left\">Developed by:&nbsp;Ripple</p>\r\n\r\n<p align=\"left\">Operating system:&nbsp;Server:&nbsp;GNU/Linux&nbsp;(RHEL,&nbsp;CentOS,&nbsp;Ubuntu), Windows,&nbsp;macOS&nbsp;(development only)</p>\r\n\r\n</div>\r\n</div>\r\n</div>\r\n',1,'2018-05-02 13:46:16','2018-09-14 01:50:19'),(8,'API','how-it-works','api','api','Tradexic.io provides a simple and powerful REST API to allow you to nearly perform all actions you can from our web interface. We provide a simple RESTful API.','<h3 style=\"text-align: center;\"><em><u><strong>APIs</strong></u></em></h3>\r\n\r\n<h3><em><strong>API Reference</strong></em></h3>\r\n\r\n<p>Our APIs are broken into distinct groups</p>\r\n\r\n<ul>\r\n	<li>Public - Public information available without an API key</li>\r\n	<li>Market - For programatic trading of crypto currencies</li>\r\n	<li>Account - For managing your account</li>\r\n</ul>\r\n',1,'2018-05-02 13:46:44','2018-09-14 02:16:22'),(9,'FAQ','faq','FAQ','FAQ','FAQ','<div class=\"col-sm-12\">\r\n<div class=\"faq_accordian_pg\">\r\n<h2>Trading</h2>\r\n\r\n<h4 data-parent=\"#accordion\" data-toggle=\"collapse\" href=\"#collapse1\">What is Tradexic?</h4>\r\n\r\n<p>Tradexic is a Robust Crypto Exchange and Trading Platform . Equipped with Institutional Grade Matching Engine with most secure wallets. All Under one Dash Board , Enabling a Seamless Trading Experience.</p>\r\n\r\n<h4 data-parent=\"#accordion\" data-toggle=\"collapse\" href=\"#collapse2\">How to do Fiat&nbsp;Trading, Deposits and Withdrawals?</h4>\r\n\r\n<p>Tradexic supports eligible personal and corporate accounts for INR trading, INR deposits, and INR withdrawals. Identity verified (personal or corporate) are eligible to participate.</p>\r\n\r\n<h4 data-parent=\"#accordion\" data-toggle=\"collapse\" href=\"#collapse3\">How do I perform a trade?</h4>\r\n\r\n<p>This video shows you how to deposit and buy coins https://www.youtube.com/</p>\r\n\r\n<p>For quick trades, you can also use the Buy &amp; Sell butuns under&nbsp;buy or sell orders.</p>\r\n\r\n<h4 data-parent=\"#accordion\" data-toggle=\"collapse\" href=\"#collapse4\">What are my trade limits?</h4>\r\n\r\n<p>Minimum Trade Size: &nbsp;The minimum trade value for orders is 100,000 Satoshis (.00100000). &nbsp;There is also a minimum trade quantity. &nbsp;For example, DOGE trades at 22 satoshis. &nbsp;The minimum trade quantity is 4500 DOGE and the minimum trade value is 100,000 Satoshis. &nbsp;The smallest order in the book is 100000 DOGE at 1 satoshi each. &nbsp;The largest order in the book is 4500 DOGE at 2 btc each.&nbsp;</p>\r\n\r\n<p>Creating minimum tick sizes: The following minimum tick size changes are pending review and customer feedback.</p>\r\n\r\n<p>On a per market basis, we will be instituting minimum tick sizes that are based on the current price of the market. &nbsp;The target is to have minimum trade sizes that are near 0.1% of the current price. &nbsp;The current minimum tick size is 1 satoshi. &nbsp;For example, Ethereum trades at 0.0577 Bitcoin. &nbsp;Bids and asks can only be placed in 0.0001 increments. &nbsp;So the next level on the bid side of the orderbook will be 0.0576 and 0.0578 on the ask.</p>\r\n\r\n<p>A general statement about market manipulation tactics: &nbsp;Tradexic actively discourages any type of market manipulation, including pump groups. Consistent with our terms of service, we will suspend and close any accounts engaging in this type of activity and notify the appropriate authorities.</p>\r\n\r\n<h2>Accounts</h2>\r\n\r\n<h4 data-parent=\"#accordion\" data-toggle=\"collapse\" href=\"#collapse5\">What fees does Tradexic charge?</h4>\r\n\r\n<p>Trades - All trades are charged 0.1%.</p>\r\n\r\n<p>Deposits - There are no fees for deposits. &nbsp;Please be aware that some coins require us to move your funds to another address before we credit them. &nbsp;This means the coins network will charge you the normal transaction fee for this send. &nbsp;This is not something we can avoid.</p>\r\n\r\n<p>Withdraws - Our intention is to not make any profits on withdraws. &nbsp;However, each coin has a network transfer fee that is built into the coin. This means that we must charge a small amount to cover this fee. You can view all the fee at this link: http://www.tradexic.io/fees.</p>\r\n\r\n<h4 data-parent=\"#accordion\" data-toggle=\"collapse\" href=\"#collapse6\">What is the 2-factor authentication?</h4>\r\n\r\n<p>Lorem Ipsum is simply dummy text of the printing and typesetting industry. Lorem Ipsum has been the industry&#39;s standard dummy text ever since the 1500s, when an unknown printer took a galley of type and scrambled it to make a type specimen book. It has survived not only five centuries, but also the leap into electronic typesetting, remaining essentially unchanged. It was popularised in the 1960s with the release of Letraset sheets containing Lorem Ipsum passages, and more recently with desktop publishing software like Aldus PageMaker including versions of Lorem Ipsum.</p>\r\n\r\n<h4 data-parent=\"#accordion\" data-toggle=\"collapse\" href=\"#collapse7\">How do I delete my account?</h4>\r\n\r\n<p>Lorem Ipsum is simply dummy text of the printing and typesetting industry. Lorem Ipsum has been the industry&#39;s standard dummy text ever since the 1500s, when an unknown printer took a galley of type and scrambled it to make a type specimen book. It has survived not only five centuries, but also the leap into electronic typesetting, remaining essentially unchanged. It was popularised in the 1960s with the release of Letraset sheets containing Lorem Ipsum passages, and more recently with desktop publishing software like Aldus PageMaker including versions of Lorem Ipsum.</p>\r\n</div>\r\n</div>\r\n',1,'2018-05-02 13:47:09','2018-09-19 18:12:54'),(10,'Add Coin','add-coin','Add Coin','Add Coin, add token, ','Add Coin','<h2><em><strong>Coin/Token Listing Policy</strong></em></h2>\r\n\r\n<hr />\r\n<p><br />\r\nTo be listed on Tradexic.io&nbsp;coin should fallow given&nbsp;requirements<br />\r\n<br />\r\n1. t least 2 social media pages with informatible messagess.<br />\r\n2. Trading volume should be at least 0.2 BTC in a month.</p>\r\n\r\n<hr />\r\n<p><br />\r\nCoin can be delisted if:<br />\r\n* Has few trades during a 2 week period<br />\r\n* Consumes a lot of server resources and can&#39;t be fixed<br />\r\n* Unstable wallet or unstable blockchain (multiple chains / stopped blocks)<br />\r\n* Coins which turn out to be scams will be delisted instantly</p>\r\n\r\n<hr />\r\n<p><br />\r\nTo list your altcoin please contact us at listing@tradexic.io<br />\r\n<br />\r\nOur team will check your request and contact you within 48 hours to discuss your listing poocess.</p>\r\n\r\n<hr />\r\n<p>&nbsp;</p>\r\n\r\n<h2><em><strong>Coin/Token&nbsp;Delisting Policy</strong></em></h2>\r\n\r\n<hr />\r\n<p><br />\r\n1) In accordance with the Tradexic.io Listing policy, Tradexic.i officials expect to be informed by developers of cryptocurrencies about any amendments such as updates, forks &amp; changes applied in their blockchain.</p>\r\n\r\n<p>2) Tradexic.io weekly reviews all cryptocurrencies on the Exchange to ensure all of them are consistent with the Tradexic.io listing policy.</p>\r\n\r\n<p>3) Tradexic.io reserves the right to remove any cryptocurrency or market from its Exchange for any of the following reasons:</p>\r\n\r\n<ul>\r\n	<li>Violation of the terms of the Tradexic.io Listing Policy, including insufficient trading volume on the exchange;</li>\r\n	<li>Blockchain becomes defective, resulting in not receiving funds withdrawn by users from Tradexic.io;</li>\r\n	<li>Cryptocurrency/Token is no longer supported by its developers;</li>\r\n	<li>Developers are late or cease notifying about any amendments such as updates, forks, changing of the explorer address, etc, made and applied in their blockchain;</li>\r\n	<li>Developers fail to provide links for updates before any of the amendments are applied;</li>\r\n	<li>Poor implementation of a cryptocurrency/Token blockchain software, resulting in failures to receive funds by users and consequently demands frequent updates (more than 2 during 30 days period);</li>\r\n	<li>A Cryptocurrency/Token site, topics, and other cryptocurrency information resources do not provide the link to Tradexic.io.</li>\r\n</ul>\r\n\r\n<p>4) Upon detecting one of the reasons for delisting a cryptocurrency/token, Tradexic.io shall notify all users via the notification system on the trade page and the market page.</p>\r\n\r\n<p>5) If a cryptocurrency/token is marked for delisting, it will be delisted in 7 days. Under extraordinary circumstances Tradexic.io reserves the right, in its sole discretion, to immediately delist a cryptocurrency/token.</p>\r\n\r\n<p>6) After the notification, users, who own the named cryptocurrencies/tokens, ought to withdraw them before the posted withdrawal deadline.</p>\r\n\r\n<p>DISCLAIMER: Tradexic.io is not liable to any users&rsquo; losses sustained in case of circumstances under which a user for any reason is late to withdraw the funds before the deadline or fails to withdraw the funds due to events outside of Tradexic.io&rsquo;s control (such as broken blockchain, unavailable nodes, etc.).</p>\r\n',1,'2018-07-27 20:26:43','2018-09-13 21:49:12');
/*!40000 ALTER TABLE `static_pages` ENABLE KEYS */;
UNLOCK TABLES;

--
-- Table structure for table `taggings`
--

DROP TABLE IF EXISTS `taggings`;
/*!40101 SET @saved_cs_client     = @@character_set_client */;
/*!40101 SET character_set_client = utf8 */;
CREATE TABLE `taggings` (
  `id` int(11) NOT NULL AUTO_INCREMENT,
  `tag_id` int(11) DEFAULT NULL,
  `taggable_id` int(11) DEFAULT NULL,
  `taggable_type` varchar(255) COLLATE utf8_unicode_ci DEFAULT NULL,
  `tagger_id` int(11) DEFAULT NULL,
  `tagger_type` varchar(255) COLLATE utf8_unicode_ci DEFAULT NULL,
  `context` varchar(128) COLLATE utf8_unicode_ci DEFAULT NULL,
  `created_at` datetime DEFAULT NULL,
  PRIMARY KEY (`id`),
  UNIQUE KEY `taggings_idx` (`tag_id`,`taggable_id`,`taggable_type`,`context`,`tagger_id`,`tagger_type`),
  KEY `index_taggings_on_taggable_id_and_taggable_type_and_context` (`taggable_id`,`taggable_type`,`context`),
  KEY `index_taggings_on_tag_id` (`tag_id`),
  KEY `index_taggings_on_taggable_id` (`taggable_id`),
  KEY `index_taggings_on_taggable_type` (`taggable_type`),
  KEY `index_taggings_on_tagger_id` (`tagger_id`),
  KEY `index_taggings_on_context` (`context`),
  KEY `index_taggings_on_tagger_id_and_tagger_type` (`tagger_id`,`tagger_type`),
  KEY `taggings_idy` (`taggable_id`,`taggable_type`,`tagger_id`,`context`)
) ENGINE=InnoDB DEFAULT CHARSET=utf8 COLLATE=utf8_unicode_ci;
/*!40101 SET character_set_client = @saved_cs_client */;

--
-- Dumping data for table `taggings`
--

LOCK TABLES `taggings` WRITE;
/*!40000 ALTER TABLE `taggings` DISABLE KEYS */;
/*!40000 ALTER TABLE `taggings` ENABLE KEYS */;
UNLOCK TABLES;

--
-- Table structure for table `tags`
--

DROP TABLE IF EXISTS `tags`;
/*!40101 SET @saved_cs_client     = @@character_set_client */;
/*!40101 SET character_set_client = utf8 */;
CREATE TABLE `tags` (
  `id` int(11) NOT NULL AUTO_INCREMENT,
  `name` varchar(255) COLLATE utf8_unicode_ci DEFAULT NULL,
  `taggings_count` int(11) DEFAULT '0',
  PRIMARY KEY (`id`),
  UNIQUE KEY `index_tags_on_name` (`name`)
) ENGINE=InnoDB DEFAULT CHARSET=utf8 COLLATE=utf8_unicode_ci;
/*!40101 SET character_set_client = @saved_cs_client */;

--
-- Dumping data for table `tags`
--

LOCK TABLES `tags` WRITE;
/*!40000 ALTER TABLE `tags` DISABLE KEYS */;
/*!40000 ALTER TABLE `tags` ENABLE KEYS */;
UNLOCK TABLES;

--
-- Table structure for table `ticket_subjects`
--

DROP TABLE IF EXISTS `ticket_subjects`;
/*!40101 SET @saved_cs_client     = @@character_set_client */;
/*!40101 SET character_set_client = utf8 */;
CREATE TABLE `ticket_subjects` (
  `id` int(11) NOT NULL AUTO_INCREMENT,
  `subject` varchar(255) COLLATE utf8_unicode_ci DEFAULT NULL,
  `status` tinyint(1) DEFAULT '1',
  `created_at` datetime DEFAULT NULL,
  `updated_at` datetime DEFAULT NULL,
  PRIMARY KEY (`id`)
) ENGINE=InnoDB AUTO_INCREMENT=3 DEFAULT CHARSET=utf8 COLLATE=utf8_unicode_ci;
/*!40101 SET character_set_client = @saved_cs_client */;

--
-- Dumping data for table `ticket_subjects`
--

LOCK TABLES `ticket_subjects` WRITE;
/*!40000 ALTER TABLE `ticket_subjects` DISABLE KEYS */;
INSERT INTO `ticket_subjects` VALUES (1,'testing 1223',0,'2018-06-29 06:32:07','2018-06-29 06:39:34'),(2,'BitCoin Issue',1,'2018-06-29 06:40:02','2018-06-29 06:40:02');
/*!40000 ALTER TABLE `ticket_subjects` ENABLE KEYS */;
UNLOCK TABLES;

--
-- Table structure for table `tickets`
--

DROP TABLE IF EXISTS `tickets`;
/*!40101 SET @saved_cs_client     = @@character_set_client */;
/*!40101 SET character_set_client = utf8 */;
CREATE TABLE `tickets` (
  `id` int(11) NOT NULL AUTO_INCREMENT,
  `title` varchar(255) COLLATE utf8_unicode_ci DEFAULT NULL,
  `content` text COLLATE utf8_unicode_ci,
  `aasm_state` varchar(255) COLLATE utf8_unicode_ci DEFAULT NULL,
  `author_id` int(11) DEFAULT NULL,
  `created_at` datetime DEFAULT NULL,
  `updated_at` datetime DEFAULT NULL,
  `ticket_subject_id` int(11) DEFAULT NULL,
  PRIMARY KEY (`id`)
) ENGINE=InnoDB DEFAULT CHARSET=utf8 COLLATE=utf8_unicode_ci;
/*!40101 SET character_set_client = @saved_cs_client */;

--
-- Dumping data for table `tickets`
--

LOCK TABLES `tickets` WRITE;
/*!40000 ALTER TABLE `tickets` DISABLE KEYS */;
/*!40000 ALTER TABLE `tickets` ENABLE KEYS */;
UNLOCK TABLES;

--
-- Table structure for table `tokens`
--

DROP TABLE IF EXISTS `tokens`;
/*!40101 SET @saved_cs_client     = @@character_set_client */;
/*!40101 SET character_set_client = utf8 */;
CREATE TABLE `tokens` (
  `id` int(11) NOT NULL AUTO_INCREMENT,
  `token` varchar(255) COLLATE utf8_unicode_ci DEFAULT NULL,
  `expire_at` datetime DEFAULT NULL,
  `member_id` int(11) DEFAULT NULL,
  `is_used` tinyint(1) DEFAULT '0',
  `type` varchar(255) COLLATE utf8_unicode_ci DEFAULT NULL,
  `created_at` datetime DEFAULT NULL,
  `updated_at` datetime DEFAULT NULL,
  PRIMARY KEY (`id`),
  KEY `index_tokens_on_type_and_token_and_expire_at_and_is_used` (`type`,`token`,`expire_at`,`is_used`)
) ENGINE=InnoDB DEFAULT CHARSET=utf8 COLLATE=utf8_unicode_ci;
/*!40101 SET character_set_client = @saved_cs_client */;

--
-- Dumping data for table `tokens`
--

LOCK TABLES `tokens` WRITE;
/*!40000 ALTER TABLE `tokens` DISABLE KEYS */;
/*!40000 ALTER TABLE `tokens` ENABLE KEYS */;
UNLOCK TABLES;

--
-- Table structure for table `trades`
--

DROP TABLE IF EXISTS `trades`;
/*!40101 SET @saved_cs_client     = @@character_set_client */;
/*!40101 SET character_set_client = utf8 */;
CREATE TABLE `trades` (
  `id` int(11) NOT NULL AUTO_INCREMENT,
  `price` decimal(32,16) DEFAULT NULL,
  `volume` decimal(32,16) DEFAULT NULL,
  `ask_id` int(11) DEFAULT NULL,
  `bid_id` int(11) DEFAULT NULL,
  `trend` int(11) DEFAULT NULL,
  `currency` int(11) DEFAULT NULL,
  `created_at` datetime DEFAULT NULL,
  `updated_at` datetime DEFAULT NULL,
  `ask_member_id` int(11) DEFAULT NULL,
  `bid_member_id` int(11) DEFAULT NULL,
  `funds` decimal(32,16) DEFAULT NULL,
  `bid_fee` decimal(32,16) DEFAULT NULL,
  `ask_fee` decimal(32,16) DEFAULT NULL,
  PRIMARY KEY (`id`),
  KEY `index_trades_on_currency` (`currency`),
  KEY `index_trades_on_ask_member_id` (`ask_member_id`),
  KEY `index_trades_on_bid_member_id` (`bid_member_id`),
  KEY `index_trades_on_ask_id` (`ask_id`),
  KEY `index_trades_on_bid_id` (`bid_id`),
  KEY `index_trades_on_created_at` (`created_at`) USING BTREE
) ENGINE=InnoDB AUTO_INCREMENT=6 DEFAULT CHARSET=utf8 COLLATE=utf8_unicode_ci;
/*!40101 SET character_set_client = @saved_cs_client */;

--
-- Dumping data for table `trades`
--

LOCK TABLES `trades` WRITE;
/*!40000 ALTER TABLE `trades` DISABLE KEYS */;
INSERT INTO `trades` VALUES (1,520000.0000000000000000,0.0038917800000000,1,2,1,3,'2018-09-03 18:44:13','2018-09-03 18:44:13',18,1,2023.7256000000000000,0.0000155671200000,6.0711768000000000),(2,525000.0000000000000000,0.0038431500000000,3,4,1,3,'2018-09-03 18:46:56','2018-09-03 18:46:56',1,18,2017.6537500000000000,0.0000153726000000,6.0529612500000000),(3,500000.0000000000000000,0.0010000000000000,6,7,0,3,'2018-09-07 17:10:26','2018-09-07 17:10:26',18,20,500.0000000000000000,0.0000040000000000,1.5000000000000000),(4,570000.0000000000000000,0.0034714500000000,17,16,1,3,'2018-09-19 17:40:07','2018-09-19 17:40:07',18,1,1978.7265000000000000,0.0000138858000000,5.9361795000000000),(5,500000.0000000000000000,0.0035409500000000,21,22,0,3,'2018-09-21 03:12:34','2018-09-21 03:12:34',1,18,1770.4750000000000000,0.0000141638000000,5.3114250000000000);
/*!40000 ALTER TABLE `trades` ENABLE KEYS */;
UNLOCK TABLES;

--
-- Table structure for table `two_factor_recovery_codes`
--

DROP TABLE IF EXISTS `two_factor_recovery_codes`;
/*!40101 SET @saved_cs_client     = @@character_set_client */;
/*!40101 SET character_set_client = utf8 */;
CREATE TABLE `two_factor_recovery_codes` (
  `id` int(11) NOT NULL AUTO_INCREMENT,
  `two_factor_id` int(11) DEFAULT NULL,
  `member_id` int(11) DEFAULT NULL,
  `recovery_code` varchar(255) COLLATE utf8_unicode_ci DEFAULT NULL,
  `is_used` tinyint(1) DEFAULT '0',
  `created_at` datetime DEFAULT NULL,
  `updated_at` datetime DEFAULT NULL,
  PRIMARY KEY (`id`)
) ENGINE=InnoDB AUTO_INCREMENT=121 DEFAULT CHARSET=utf8 COLLATE=utf8_unicode_ci;
/*!40101 SET character_set_client = @saved_cs_client */;

--
-- Dumping data for table `two_factor_recovery_codes`
--

LOCK TABLES `two_factor_recovery_codes` WRITE;
/*!40000 ALTER TABLE `two_factor_recovery_codes` DISABLE KEYS */;
INSERT INTO `two_factor_recovery_codes` VALUES (1,1,1,'T54H3YV4WO',0,'2018-09-01 14:53:26','2018-09-01 14:53:26'),(2,1,1,'OFERHS6MEQ',0,'2018-09-01 14:53:26','2018-09-01 14:53:26'),(3,1,1,'URPM6YLWKN',0,'2018-09-01 14:53:26','2018-09-01 14:53:26'),(4,1,1,'3X5L5BHIIX',0,'2018-09-01 14:53:26','2018-09-01 14:53:26'),(5,1,1,'K6MBBUJD2R',0,'2018-09-01 14:53:26','2018-09-01 14:53:26'),(6,1,1,'GGBN5EWTOC',0,'2018-09-01 14:53:26','2018-09-01 14:53:26'),(7,1,1,'AWUYVLIYE2',0,'2018-09-01 14:53:26','2018-09-01 14:53:26'),(8,1,1,'TRBDJMM37P',0,'2018-09-01 14:53:26','2018-09-01 14:53:26'),(9,1,1,'3PV2RQG544',0,'2018-09-01 14:53:26','2018-09-01 14:53:26'),(10,1,1,'ECUENQHZWH',0,'2018-09-01 14:53:26','2018-09-01 14:53:26'),(11,2,1,'7PPX4DIMUD',0,'2018-09-01 14:53:26','2018-09-01 14:53:26'),(12,2,1,'ZAY2OB547I',0,'2018-09-01 14:53:26','2018-09-01 14:53:26'),(13,2,1,'EV2GJ4IV66',0,'2018-09-01 14:53:26','2018-09-01 14:53:26'),(14,2,1,'Z3LFAFZ6IC',0,'2018-09-01 14:53:26','2018-09-01 14:53:26'),(15,2,1,'P3JBPLCIRI',0,'2018-09-01 14:53:26','2018-09-01 14:53:26'),(16,2,1,'NY4R4ZQ5XB',0,'2018-09-01 14:53:26','2018-09-01 14:53:26'),(17,2,1,'QUZO4QI2KL',0,'2018-09-01 14:53:26','2018-09-01 14:53:26'),(18,2,1,'B6JRDG3HP6',0,'2018-09-01 14:53:26','2018-09-01 14:53:26'),(19,2,1,'H2FXKO5IYY',0,'2018-09-01 14:53:26','2018-09-01 14:53:26'),(20,2,1,'JOQDVBSI2U',0,'2018-09-01 14:53:26','2018-09-01 14:53:26'),(21,3,18,'6RW7YC2GEX',0,'2018-09-03 18:05:59','2018-09-03 18:05:59'),(22,3,18,'U5KIL3WHL2',0,'2018-09-03 18:05:59','2018-09-03 18:05:59'),(23,3,18,'HKGELZ5TSA',0,'2018-09-03 18:05:59','2018-09-03 18:05:59'),(24,3,18,'6SEPTVLK2I',0,'2018-09-03 18:05:59','2018-09-03 18:05:59'),(25,3,18,'5IE7TMEUOY',0,'2018-09-03 18:05:59','2018-09-03 18:05:59'),(26,3,18,'X7WNGBYG4E',0,'2018-09-03 18:05:59','2018-09-03 18:05:59'),(27,3,18,'BHBNYDQNC6',0,'2018-09-03 18:05:59','2018-09-03 18:05:59'),(28,3,18,'IAERZLPDYS',0,'2018-09-03 18:05:59','2018-09-03 18:05:59'),(29,3,18,'PUBP2RPXHE',0,'2018-09-03 18:05:59','2018-09-03 18:05:59'),(30,3,18,'UWRAU2MFZC',0,'2018-09-03 18:05:59','2018-09-03 18:05:59'),(31,4,18,'KEDYN7CT3Q',0,'2018-09-03 18:05:59','2018-09-03 18:05:59'),(32,4,18,'SEWFI63AEL',0,'2018-09-03 18:05:59','2018-09-03 18:05:59'),(33,4,18,'6GGN64OZSA',0,'2018-09-03 18:05:59','2018-09-03 18:05:59'),(34,4,18,'ASSXHUE6MG',0,'2018-09-03 18:05:59','2018-09-03 18:05:59'),(35,4,18,'Q7L2E6GZMT',0,'2018-09-03 18:05:59','2018-09-03 18:05:59'),(36,4,18,'COCUTOMHPA',0,'2018-09-03 18:05:59','2018-09-03 18:05:59'),(37,4,18,'VAT6WIQFT6',0,'2018-09-03 18:05:59','2018-09-03 18:05:59'),(38,4,18,'FV5REVMJSI',0,'2018-09-03 18:05:59','2018-09-03 18:05:59'),(39,4,18,'QPIH4QSFRM',0,'2018-09-03 18:05:59','2018-09-03 18:05:59'),(40,4,18,'QNCXIINRJ4',0,'2018-09-03 18:05:59','2018-09-03 18:05:59'),(41,5,19,'4LZN67QQUD',0,'2018-09-04 09:42:02','2018-09-04 09:42:02'),(42,5,19,'263HP2I6ZO',0,'2018-09-04 09:42:02','2018-09-04 09:42:02'),(43,5,19,'74YYKXRAOM',0,'2018-09-04 09:42:02','2018-09-04 09:42:02'),(44,5,19,'YTMJU3EQMS',0,'2018-09-04 09:42:02','2018-09-04 09:42:02'),(45,5,19,'IAWHODKEB5',0,'2018-09-04 09:42:02','2018-09-04 09:42:02'),(46,5,19,'S2ZMKGVX3T',0,'2018-09-04 09:42:02','2018-09-04 09:42:02'),(47,5,19,'ZFVAN2QGGT',0,'2018-09-04 09:42:02','2018-09-04 09:42:02'),(48,5,19,'2BA5WRLDVX',0,'2018-09-04 09:42:02','2018-09-04 09:42:02'),(49,5,19,'24UAVLZVBQ',0,'2018-09-04 09:42:02','2018-09-04 09:42:02'),(50,5,19,'32I6ZFANHA',0,'2018-09-04 09:42:02','2018-09-04 09:42:02'),(51,6,19,'N6RBFEZ73K',0,'2018-09-04 09:42:03','2018-09-04 09:42:03'),(52,6,19,'THSD4ECTVO',0,'2018-09-04 09:42:03','2018-09-04 09:42:03'),(53,6,19,'NNIEMA4HKJ',0,'2018-09-04 09:42:03','2018-09-04 09:42:03'),(54,6,19,'ZQFKKDQXJE',0,'2018-09-04 09:42:03','2018-09-04 09:42:03'),(55,6,19,'DBEVX3OYGM',0,'2018-09-04 09:42:03','2018-09-04 09:42:03'),(56,6,19,'N3RN3HLQQM',0,'2018-09-04 09:42:03','2018-09-04 09:42:03'),(57,6,19,'3R37D7REX4',0,'2018-09-04 09:42:03','2018-09-04 09:42:03'),(58,6,19,'C5W6B5ZD5J',0,'2018-09-04 09:42:03','2018-09-04 09:42:03'),(59,6,19,'AWXZQKFXOD',0,'2018-09-04 09:42:03','2018-09-04 09:42:03'),(60,6,19,'XCGD4MQZSZ',0,'2018-09-04 09:42:03','2018-09-04 09:42:03'),(61,7,20,'VRSDT64WBE',0,'2018-09-05 06:03:05','2018-09-05 06:03:05'),(62,7,20,'J6UYBUB7HQ',0,'2018-09-05 06:03:05','2018-09-05 06:03:05'),(63,7,20,'6CSO5LSF3C',0,'2018-09-05 06:03:05','2018-09-05 06:03:05'),(64,7,20,'ZNM6QZTFTP',0,'2018-09-05 06:03:05','2018-09-05 06:03:05'),(65,7,20,'5RD4XARWYK',0,'2018-09-05 06:03:05','2018-09-05 06:03:05'),(66,7,20,'PNILKJZR7J',0,'2018-09-05 06:03:05','2018-09-05 06:03:05'),(67,7,20,'BXDZFJMIQZ',0,'2018-09-05 06:03:05','2018-09-05 06:03:05'),(68,7,20,'XYIBTVS32N',0,'2018-09-05 06:03:05','2018-09-05 06:03:05'),(69,7,20,'KHHF76D6P7',0,'2018-09-05 06:03:05','2018-09-05 06:03:05'),(70,7,20,'ED2SRAKLWK',0,'2018-09-05 06:03:05','2018-09-05 06:03:05'),(71,8,20,'5CTW2APTWK',0,'2018-09-05 06:03:33','2018-09-05 06:03:33'),(72,8,20,'D2FPGPAMX5',0,'2018-09-05 06:03:33','2018-09-05 06:03:33'),(73,8,20,'W7RCDHGSSZ',0,'2018-09-05 06:03:33','2018-09-05 06:03:33'),(74,8,20,'R4ORO7FKFI',0,'2018-09-05 06:03:33','2018-09-05 06:03:33'),(75,8,20,'3QASHJNYTO',0,'2018-09-05 06:03:33','2018-09-05 06:03:33'),(76,8,20,'HGIGXXRSGF',0,'2018-09-05 06:03:33','2018-09-05 06:03:33'),(77,8,20,'UX54QF3KP6',0,'2018-09-05 06:03:33','2018-09-05 06:03:33'),(78,8,20,'ENAUDNG6E4',0,'2018-09-05 06:03:33','2018-09-05 06:03:33'),(79,8,20,'XFALEY7XHF',0,'2018-09-05 06:03:33','2018-09-05 06:03:33'),(80,8,20,'SU7LDARK5Q',0,'2018-09-05 06:03:33','2018-09-05 06:03:33'),(81,9,21,'ZGZIHJRY76',0,'2018-09-05 18:28:57','2018-09-05 18:28:57'),(82,9,21,'RWJNHD4P2T',0,'2018-09-05 18:28:57','2018-09-05 18:28:57'),(83,9,21,'QC4PWVIGGX',0,'2018-09-05 18:28:57','2018-09-05 18:28:57'),(84,9,21,'XMVCRFSHWX',0,'2018-09-05 18:28:57','2018-09-05 18:28:57'),(85,9,21,'XVANTU52GO',0,'2018-09-05 18:28:57','2018-09-05 18:28:57'),(86,9,21,'FNO6DTGQ34',0,'2018-09-05 18:28:57','2018-09-05 18:28:57'),(87,9,21,'N5DPRM7UNS',0,'2018-09-05 18:28:57','2018-09-05 18:28:57'),(88,9,21,'SKY7H3PQWA',0,'2018-09-05 18:28:57','2018-09-05 18:28:57'),(89,9,21,'RNDAJ7VLCF',0,'2018-09-05 18:28:57','2018-09-05 18:28:57'),(90,9,21,'SQ2F75BMZY',0,'2018-09-05 18:28:57','2018-09-05 18:28:57'),(91,10,21,'EMRM7GGROZ',0,'2018-09-05 18:28:57','2018-09-05 18:28:57'),(92,10,21,'ZWFYFH7FCN',0,'2018-09-05 18:28:57','2018-09-05 18:28:57'),(93,10,21,'IVJ2UROU5J',0,'2018-09-05 18:28:57','2018-09-05 18:28:57'),(94,10,21,'PHDIOY4GUF',0,'2018-09-05 18:28:57','2018-09-05 18:28:57'),(95,10,21,'4KWEEJR6BR',0,'2018-09-05 18:28:57','2018-09-05 18:28:57'),(96,10,21,'BHTW4AQRZT',0,'2018-09-05 18:28:57','2018-09-05 18:28:57'),(97,10,21,'7CMU35NXHM',0,'2018-09-05 18:28:57','2018-09-05 18:28:57'),(98,10,21,'INEADWIGBQ',0,'2018-09-05 18:28:57','2018-09-05 18:28:57'),(99,10,21,'YB5OJR2X6W',0,'2018-09-05 18:28:57','2018-09-05 18:28:57'),(100,10,21,'O7OO4ODTZE',0,'2018-09-05 18:28:57','2018-09-05 18:28:57'),(101,11,22,'MCA5DTHHF5',0,'2018-09-24 13:38:23','2018-09-24 13:38:23'),(102,11,22,'RDORHCJ3AL',0,'2018-09-24 13:38:23','2018-09-24 13:38:23'),(103,11,22,'Y4KQEZCRMA',0,'2018-09-24 13:38:23','2018-09-24 13:38:23'),(104,11,22,'YKZ7MIA76Z',0,'2018-09-24 13:38:23','2018-09-24 13:38:23'),(105,11,22,'P3T26PWWK3',0,'2018-09-24 13:38:23','2018-09-24 13:38:23'),(106,11,22,'4VKNJFFIBD',0,'2018-09-24 13:38:23','2018-09-24 13:38:23'),(107,11,22,'HPCGUYFBL3',0,'2018-09-24 13:38:23','2018-09-24 13:38:23'),(108,11,22,'NIOBXGVBQM',0,'2018-09-24 13:38:23','2018-09-24 13:38:23'),(109,11,22,'PXXZYPPTZT',0,'2018-09-24 13:38:23','2018-09-24 13:38:23'),(110,11,22,'SXMYGE366I',0,'2018-09-24 13:38:23','2018-09-24 13:38:23'),(111,12,22,'YLKOWXZF5O',0,'2018-09-24 13:38:23','2018-09-24 13:38:23'),(112,12,22,'NRQ4U2TYW6',0,'2018-09-24 13:38:23','2018-09-24 13:38:23'),(113,12,22,'SJTY5AVINW',0,'2018-09-24 13:38:23','2018-09-24 13:38:23'),(114,12,22,'YL47BYASD4',0,'2018-09-24 13:38:23','2018-09-24 13:38:23'),(115,12,22,'ZXOHDIKEBY',0,'2018-09-24 13:38:23','2018-09-24 13:38:23'),(116,12,22,'M6K7FCZ5VI',0,'2018-09-24 13:38:23','2018-09-24 13:38:23'),(117,12,22,'NEMMXQKGUC',0,'2018-09-24 13:38:23','2018-09-24 13:38:23'),(118,12,22,'CUTCRWSWON',0,'2018-09-24 13:38:23','2018-09-24 13:38:23'),(119,12,22,'YHG3K6RZSH',0,'2018-09-24 13:38:23','2018-09-24 13:38:23'),(120,12,22,'CAUGYTEA4I',0,'2018-09-24 13:38:23','2018-09-24 13:38:23');
/*!40000 ALTER TABLE `two_factor_recovery_codes` ENABLE KEYS */;
UNLOCK TABLES;

--
-- Table structure for table `two_factors`
--

DROP TABLE IF EXISTS `two_factors`;
/*!40101 SET @saved_cs_client     = @@character_set_client */;
/*!40101 SET character_set_client = utf8 */;
CREATE TABLE `two_factors` (
  `id` int(11) NOT NULL AUTO_INCREMENT,
  `member_id` int(11) DEFAULT NULL,
  `otp_secret` varchar(255) COLLATE utf8_unicode_ci DEFAULT NULL,
  `last_verify_at` datetime DEFAULT NULL,
  `activated` tinyint(1) DEFAULT NULL,
  `type` varchar(255) COLLATE utf8_unicode_ci DEFAULT NULL,
  `refreshed_at` datetime DEFAULT NULL,
  PRIMARY KEY (`id`)
) ENGINE=InnoDB AUTO_INCREMENT=13 DEFAULT CHARSET=utf8 COLLATE=utf8_unicode_ci;
/*!40101 SET character_set_client = @saved_cs_client */;

--
-- Dumping data for table `two_factors`
--

LOCK TABLES `two_factors` WRITE;
/*!40000 ALTER TABLE `two_factors` DISABLE KEYS */;
INSERT INTO `two_factors` VALUES (1,1,'elioipoab6nq2spe',NULL,NULL,'TwoFactor::App','2018-09-01 14:53:26'),(2,1,'366981',NULL,NULL,'TwoFactor::Sms','2018-09-01 14:53:26'),(3,18,'f4t5usz7fcbhczon',NULL,NULL,'TwoFactor::App','2018-09-03 18:05:59'),(4,18,'696009',NULL,NULL,'TwoFactor::Sms','2018-09-03 18:05:59'),(5,19,'otbjcxs6emwmxdid',NULL,NULL,'TwoFactor::App','2018-09-04 09:42:02'),(6,19,'381561',NULL,NULL,'TwoFactor::Sms','2018-09-04 09:42:02'),(7,20,'zkzvppdha6lfcgx6',NULL,NULL,'TwoFactor::App','2018-09-05 06:03:05'),(8,20,'552490',NULL,NULL,'TwoFactor::Sms','2018-09-05 06:03:33'),(9,21,'w6ywoe4lacfxhsdf',NULL,NULL,'TwoFactor::App','2018-09-05 18:28:57'),(10,21,'442857',NULL,NULL,'TwoFactor::Sms','2018-09-05 18:28:57'),(11,22,'tho35w4gyvvb4qs6',NULL,NULL,'TwoFactor::App','2018-09-24 13:38:23'),(12,22,'100863',NULL,NULL,'TwoFactor::Sms','2018-09-24 13:38:23');
/*!40000 ALTER TABLE `two_factors` ENABLE KEYS */;
UNLOCK TABLES;

--
-- Table structure for table `versions`
--

DROP TABLE IF EXISTS `versions`;
/*!40101 SET @saved_cs_client     = @@character_set_client */;
/*!40101 SET character_set_client = utf8 */;
CREATE TABLE `versions` (
  `id` int(11) NOT NULL AUTO_INCREMENT,
  `item_type` varchar(255) COLLATE utf8_unicode_ci NOT NULL,
  `item_id` int(11) NOT NULL,
  `event` varchar(255) COLLATE utf8_unicode_ci NOT NULL,
  `whodunnit` varchar(255) COLLATE utf8_unicode_ci DEFAULT NULL,
  `object` text COLLATE utf8_unicode_ci,
  `created_at` datetime DEFAULT NULL,
  PRIMARY KEY (`id`),
  KEY `index_versions_on_item_type_and_item_id` (`item_type`,`item_id`)
) ENGINE=InnoDB AUTO_INCREMENT=26 DEFAULT CHARSET=utf8 COLLATE=utf8_unicode_ci;
/*!40101 SET character_set_client = @saved_cs_client */;

--
-- Dumping data for table `versions`
--

LOCK TABLES `versions` WRITE;
/*!40000 ALTER TABLE `versions` DISABLE KEYS */;
INSERT INTO `versions` VALUES (1,'Deposit',1,'update',NULL,'---\nid: 1\naccount_id: 9\nmember_id: 18\ncurrency: 2\namount: 0.00389178\nfee: 0.0\nfund_uid: \nfund_extra: \nifsc_code: \naccount_holder_name: \nadmin_bank: \nadmin_branch_name: \nadmin_account_number: \nadmin_ifsc_code: \nbranch_name: \nadmin_account_holder_name: \ntxid: b821c4cfd200afb76fc007e0652bd1f63dabc850dd50cd9447e609daee15e949\nstate: \naasm_state: submitting\ncreated_at: 2018-09-03 18:10:03.000000000 Z\nupdated_at: 2018-09-03 18:10:03.000000000 Z\ndone_at: \nconfirmations: \'0\'\ntype: Deposits::Satoshi\npayment_transaction_id: 1\ntxout: 0\nadmin_bank_account_id: \nswift_code: \nadmin_swift_code: \n','2018-09-03 18:10:03'),(2,'Deposit',1,'update',NULL,'---\nid: 1\naccount_id: 9\nmember_id: 18\ncurrency: 2\namount: 0.00389178\nfee: 0.0\nfund_uid: \nfund_extra: \nifsc_code: \naccount_holder_name: \nadmin_bank: \nadmin_branch_name: \nadmin_account_number: \nadmin_ifsc_code: \nbranch_name: \nadmin_account_holder_name: \ntxid: b821c4cfd200afb76fc007e0652bd1f63dabc850dd50cd9447e609daee15e949\nstate: \naasm_state: submitted\ncreated_at: 2018-09-03 18:10:03.000000000 Z\nupdated_at: 2018-09-03 18:10:03.000000000 Z\ndone_at: \nconfirmations: \'0\'\ntype: Deposits::Satoshi\npayment_transaction_id: 1\ntxout: 0\nadmin_bank_account_id: \nswift_code: \nadmin_swift_code: \n','2018-09-03 18:22:51'),(3,'Deposit',1,'update','1','---\nid: 1\naccount_id: 9\nmember_id: 18\ncurrency: 2\namount: 0.00389178\nfee: 0.0\nfund_uid: \nfund_extra: \nifsc_code: \naccount_holder_name: \nadmin_bank: \nadmin_branch_name: \nadmin_account_number: \nadmin_ifsc_code: \nbranch_name: \nadmin_account_holder_name: \ntxid: b821c4cfd200afb76fc007e0652bd1f63dabc850dd50cd9447e609daee15e949\nstate: \naasm_state: submitted\ncreated_at: 2018-09-03 18:10:03.000000000 Z\nupdated_at: 2018-09-03 18:22:51.000000000 Z\ndone_at: \nconfirmations: \'1\'\ntype: Deposits::Satoshi\npayment_transaction_id: 1\ntxout: 0\nadmin_bank_account_id: \nswift_code: \nadmin_swift_code: \n','2018-09-03 18:22:52'),(4,'Deposit',1,'update',NULL,'---\nid: 1\naccount_id: 9\nmember_id: 18\ncurrency: 2\namount: 0.00389178\nfee: 0.0\nfund_uid: \nfund_extra: \nifsc_code: \naccount_holder_name: \nadmin_bank: \nadmin_branch_name: \nadmin_account_number: \nadmin_ifsc_code: \nbranch_name: \nadmin_account_holder_name: \ntxid: b821c4cfd200afb76fc007e0652bd1f63dabc850dd50cd9447e609daee15e949\nstate: \naasm_state: accepted\ncreated_at: 2018-09-03 18:10:03.000000000 Z\nupdated_at: 2018-09-03 18:22:52.000000000 Z\ndone_at: \nconfirmations: \'1\'\ntype: Deposits::Satoshi\npayment_transaction_id: 1\ntxout: 0\nadmin_bank_account_id: \nswift_code: \nadmin_swift_code: \n','2018-09-03 18:30:24'),(5,'Deposit',1,'update',NULL,'---\nid: 1\naccount_id: 9\nmember_id: 18\ncurrency: 2\namount: 0.00389178\nfee: 0.0\nfund_uid: \nfund_extra: \nifsc_code: \naccount_holder_name: \nadmin_bank: \nadmin_branch_name: \nadmin_account_number: \nadmin_ifsc_code: \nbranch_name: \nadmin_account_holder_name: \ntxid: b821c4cfd200afb76fc007e0652bd1f63dabc850dd50cd9447e609daee15e949\nstate: \naasm_state: accepted\ncreated_at: 2018-09-03 18:10:03.000000000 Z\nupdated_at: 2018-09-03 18:30:24.000000000 Z\ndone_at: \nconfirmations: \'2\'\ntype: Deposits::Satoshi\npayment_transaction_id: 1\ntxout: 0\nadmin_bank_account_id: \nswift_code: \nadmin_swift_code: \n','2018-09-03 18:33:55'),(6,'Deposit',2,'update','1','---\nid: 2\naccount_id: 1\nmember_id: 1\ncurrency: 1\namount: 500000.0\nfee: 0.0\nfund_uid: \'51180000166779\'\nfund_extra: HDFC\nifsc_code: BDBL0001582\naccount_holder_name: Ravikash Gupat\nadmin_bank: HDFC\nadmin_branch_name: test\nadmin_account_number: \'0000000000000000\'\nadmin_ifsc_code: test\nbranch_name: Lucknow\nadmin_account_holder_name: test\ntxid: test\nstate: \naasm_state: submitting\ncreated_at: 2018-09-03 18:43:28.000000000 Z\nupdated_at: 2018-09-03 18:43:28.000000000 Z\ndone_at: \nconfirmations: \ntype: Deposits::Bank\npayment_transaction_id: \ntxout: \nadmin_bank_account_id: \nswift_code: BNDNINCC\nadmin_swift_code: test\n','2018-09-03 18:43:56'),(7,'Deposit',2,'update','1','---\nid: 2\naccount_id: 1\nmember_id: 1\ncurrency: 1\namount: 500000.0\nfee: 0.0\nfund_uid: \'51180000166779\'\nfund_extra: HDFC\nifsc_code: BDBL0001582\naccount_holder_name: Ravikash Gupat\nadmin_bank: HDFC\nadmin_branch_name: test\nadmin_account_number: \'0000000000000000\'\nadmin_ifsc_code: test\nbranch_name: Lucknow\nadmin_account_holder_name: test\ntxid: test\nstate: \naasm_state: submitted\ncreated_at: 2018-09-03 18:43:28.000000000 Z\nupdated_at: 2018-09-03 18:43:56.000000000 Z\ndone_at: \nconfirmations: \ntype: Deposits::Bank\npayment_transaction_id: \ntxout: \nadmin_bank_account_id: \nswift_code: BNDNINCC\nadmin_swift_code: test\n','2018-09-03 18:43:56'),(8,'Deposit',3,'update','1','---\nid: 3\naccount_id: 15\nmember_id: 19\ncurrency: 1\namount: 500000.0\nfee: 0.0\nfund_uid: \'2235235235235\'\nfund_extra: HDFC\nifsc_code: \'23553\'\naccount_holder_name: John\nadmin_bank: HDFC\nadmin_branch_name: test\nadmin_account_number: \'0000000000000000\'\nadmin_ifsc_code: test\nbranch_name: central city\nadmin_account_holder_name: test\ntxid: re3466jy\nstate: \naasm_state: submitting\ncreated_at: 2018-09-04 10:11:23.000000000 Z\nupdated_at: 2018-09-04 10:11:23.000000000 Z\ndone_at: \nconfirmations: \ntype: Deposits::Bank\npayment_transaction_id: \ntxout: \nadmin_bank_account_id: \nswift_code: \'235235\'\nadmin_swift_code: test\n','2018-09-04 10:12:43'),(9,'Deposit',3,'update','1','---\nid: 3\naccount_id: 15\nmember_id: 19\ncurrency: 1\namount: 500000.0\nfee: 0.0\nfund_uid: \'2235235235235\'\nfund_extra: HDFC\nifsc_code: \'23553\'\naccount_holder_name: John\nadmin_bank: HDFC\nadmin_branch_name: test\nadmin_account_number: \'0000000000000000\'\nadmin_ifsc_code: test\nbranch_name: central city\nadmin_account_holder_name: test\ntxid: re3466jy\nstate: \naasm_state: submitted\ncreated_at: 2018-09-04 10:11:23.000000000 Z\nupdated_at: 2018-09-04 10:12:43.000000000 Z\ndone_at: \nconfirmations: \ntype: Deposits::Bank\npayment_transaction_id: \ntxout: \nadmin_bank_account_id: \nswift_code: \'235235\'\nadmin_swift_code: test\n','2018-09-04 10:12:43'),(10,'Deposit',4,'update',NULL,'---\nid: 4\naccount_id: 9\nmember_id: 18\ncurrency: 2\namount: 0.00364368\nfee: 0.0\nfund_uid: \nfund_extra: \nifsc_code: \naccount_holder_name: \nadmin_bank: \nadmin_branch_name: \nadmin_account_number: \nadmin_ifsc_code: \nbranch_name: \nadmin_account_holder_name: \ntxid: 617a306833529a708dab9818e22b14d54cdf3cb000d38d26e08dd84015d88f7e\nstate: \naasm_state: submitting\ncreated_at: 2018-09-05 05:16:45.000000000 Z\nupdated_at: 2018-09-05 05:16:45.000000000 Z\ndone_at: \nconfirmations: \'0\'\ntype: Deposits::Satoshi\npayment_transaction_id: 2\ntxout: 0\nadmin_bank_account_id: \nswift_code: \nadmin_swift_code: \n','2018-09-05 05:16:45'),(11,'Withdraw',1,'update','18','---\nid: 1\nsn: \'18090505310001\'\naccount_id: 9\nmember_id: 18\ncurrency: 2\namount: 0.0029985\nfee: 0.0000015\nfund_uid: 1Pm3NMZBbqXguJQR9e7CRDpuzB3choi2hC\nfund_extra: MY BTC\nifsc_code: \naccount_holder_name: \nbranch_name: \ncreated_at: 2018-09-05 05:31:53.000000000 Z\nupdated_at: 2018-09-05 05:31:53.000000000 Z\ndone_at: \ntxid: \naasm_state: submitting\nsum: 0.003\ntype: Withdraws::Satoshi\nadmin_bank: \nadmin_branch_name: \nadmin_account_number: \nadmin_ifsc_code: \nadmin_account_holder_name: \nadmin_bank_account_id: \nswift_code: \nadmin_swift_code: \nrejection_reason: \n','2018-09-05 05:31:53'),(12,'Withdraw',1,'update',NULL,'---\nid: 1\nsn: \'18090505310001\'\naccount_id: 9\nmember_id: 18\ncurrency: 2\namount: 0.0029985\nfee: 0.0000015\nfund_uid: 1Pm3NMZBbqXguJQR9e7CRDpuzB3choi2hC\nfund_extra: MY BTC\nifsc_code: \naccount_holder_name: \nbranch_name: \ncreated_at: 2018-09-05 05:31:53.000000000 Z\nupdated_at: 2018-09-05 05:31:53.000000000 Z\ndone_at: \ntxid: \naasm_state: submitted\nsum: 0.003\ntype: Withdraws::Satoshi\nadmin_bank: \nadmin_branch_name: \nadmin_account_number: \nadmin_ifsc_code: \nadmin_account_holder_name: \nadmin_bank_account_id: \nswift_code: \nadmin_swift_code: \nrejection_reason: \n','2018-09-05 05:31:56'),(13,'Deposit',4,'update',NULL,'---\nid: 4\naccount_id: 9\nmember_id: 18\ncurrency: 2\namount: 0.00364368\nfee: 0.0\nfund_uid: \nfund_extra: \nifsc_code: \naccount_holder_name: \nadmin_bank: \nadmin_branch_name: \nadmin_account_number: \nadmin_ifsc_code: \nbranch_name: \nadmin_account_holder_name: \ntxid: 617a306833529a708dab9818e22b14d54cdf3cb000d38d26e08dd84015d88f7e\nstate: \naasm_state: submitted\ncreated_at: 2018-09-05 05:16:45.000000000 Z\nupdated_at: 2018-09-05 05:16:45.000000000 Z\ndone_at: \nconfirmations: \'0\'\ntype: Deposits::Satoshi\npayment_transaction_id: 2\ntxout: 0\nadmin_bank_account_id: \nswift_code: \nadmin_swift_code: \n','2018-09-05 05:41:12'),(14,'Deposit',4,'update',NULL,'---\nid: 4\naccount_id: 9\nmember_id: 18\ncurrency: 2\namount: 0.00364368\nfee: 0.0\nfund_uid: \nfund_extra: \nifsc_code: \naccount_holder_name: \nadmin_bank: \nadmin_branch_name: \nadmin_account_number: \nadmin_ifsc_code: \nbranch_name: \nadmin_account_holder_name: \ntxid: 617a306833529a708dab9818e22b14d54cdf3cb000d38d26e08dd84015d88f7e\nstate: \naasm_state: submitted\ncreated_at: 2018-09-05 05:16:45.000000000 Z\nupdated_at: 2018-09-05 05:41:12.000000000 Z\ndone_at: \nconfirmations: \'1\'\ntype: Deposits::Satoshi\npayment_transaction_id: 2\ntxout: 0\nadmin_bank_account_id: \nswift_code: \nadmin_swift_code: \n','2018-09-05 05:46:54'),(15,'Deposit',4,'update',NULL,'---\nid: 4\naccount_id: 9\nmember_id: 18\ncurrency: 2\namount: 0.00364368\nfee: 0.0\nfund_uid: \nfund_extra: \nifsc_code: \naccount_holder_name: \nadmin_bank: \nadmin_branch_name: \nadmin_account_number: \nadmin_ifsc_code: \nbranch_name: \nadmin_account_holder_name: \ntxid: 617a306833529a708dab9818e22b14d54cdf3cb000d38d26e08dd84015d88f7e\nstate: \naasm_state: submitted\ncreated_at: 2018-09-05 05:16:45.000000000 Z\nupdated_at: 2018-09-05 05:46:54.000000000 Z\ndone_at: \nconfirmations: \'2\'\ntype: Deposits::Satoshi\npayment_transaction_id: 2\ntxout: 0\nadmin_bank_account_id: \nswift_code: \nadmin_swift_code: \n','2018-09-05 05:51:05'),(16,'Deposit',4,'update',NULL,'---\nid: 4\naccount_id: 9\nmember_id: 18\ncurrency: 2\namount: 0.00364368\nfee: 0.0\nfund_uid: \nfund_extra: \nifsc_code: \naccount_holder_name: \nadmin_bank: \nadmin_branch_name: \nadmin_account_number: \nadmin_ifsc_code: \nbranch_name: \nadmin_account_holder_name: \ntxid: 617a306833529a708dab9818e22b14d54cdf3cb000d38d26e08dd84015d88f7e\nstate: \naasm_state: submitted\ncreated_at: 2018-09-05 05:16:45.000000000 Z\nupdated_at: 2018-09-05 05:51:05.000000000 Z\ndone_at: \nconfirmations: \'3\'\ntype: Deposits::Satoshi\npayment_transaction_id: 2\ntxout: 0\nadmin_bank_account_id: \nswift_code: \nadmin_swift_code: \n','2018-09-05 05:51:05'),(17,'Withdraw',1,'update','1','---\nid: 1\nsn: \'18090505310001\'\naccount_id: 9\nmember_id: 18\ncurrency: 2\namount: 0.0029985\nfee: 0.0000015\nfund_uid: 1Pm3NMZBbqXguJQR9e7CRDpuzB3choi2hC\nfund_extra: MY BTC\nifsc_code: \naccount_holder_name: \nbranch_name: \ncreated_at: 2018-09-05 05:31:53.000000000 Z\nupdated_at: 2018-09-05 05:31:56.000000000 Z\ndone_at: \ntxid: \naasm_state: accepted\nsum: 0.003\ntype: Withdraws::Satoshi\nadmin_bank: \nadmin_branch_name: \nadmin_account_number: \nadmin_ifsc_code: \nadmin_account_holder_name: \nadmin_bank_account_id: \nswift_code: \nadmin_swift_code: \nrejection_reason: \n','2018-09-06 04:07:34'),(18,'Withdraw',1,'update','Worker::WithdrawCoin','---\nid: 1\nsn: \'18090505310001\'\naccount_id: 9\nmember_id: 18\ncurrency: 2\namount: 0.0029985\nfee: 0.0000015\nfund_uid: 1Pm3NMZBbqXguJQR9e7CRDpuzB3choi2hC\nfund_extra: MY BTC\nifsc_code: \naccount_holder_name: \nbranch_name: \ncreated_at: 2018-09-05 05:31:53.000000000 Z\nupdated_at: 2018-09-06 04:07:34.000000000 Z\ndone_at: \ntxid: \naasm_state: processing\nsum: 0.003\ntype: Withdraws::Satoshi\nadmin_bank: \nadmin_branch_name: \nadmin_account_number: \nadmin_ifsc_code: \nadmin_account_holder_name: \nadmin_bank_account_id: \nswift_code: \nadmin_swift_code: \nrejection_reason: \n','2018-09-06 04:07:36'),(19,'Withdraw',1,'update','Worker::WithdrawCoin','---\nid: 1\nsn: \'18090505310001\'\naccount_id: 9\nmember_id: 18\ncurrency: 2\namount: 0.0029985\nfee: 0.0000015\nfund_uid: 1Pm3NMZBbqXguJQR9e7CRDpuzB3choi2hC\nfund_extra: MY BTC\nifsc_code: \naccount_holder_name: \nbranch_name: \ncreated_at: 2018-09-05 05:31:53.000000000 Z\nupdated_at: 2018-09-06 04:07:36.000000000 Z\ndone_at: \ntxid: 5589d1e83ef6d70a2bd2ce835e9473d4fee737a7b16adbb4878da5c5c39ac24d\naasm_state: almost_done\nsum: 0.003\ntype: Withdraws::Satoshi\nadmin_bank: \nadmin_branch_name: \nadmin_account_number: \nadmin_ifsc_code: \nadmin_account_holder_name: \nadmin_bank_account_id: \nswift_code: \nadmin_swift_code: \nrejection_reason: \n','2018-09-06 04:07:37'),(20,'Deposit',5,'update','1','---\nid: 5\naccount_id: 22\nmember_id: 20\ncurrency: 1\namount: 10000.0\nfee: 0.0\nfund_uid: 3F1B54Qo1HxN6ascai362XxGkj4rmWZ45H\nfund_extra: HDFC\nifsc_code: GFDDGDD\naccount_holder_name: Ravikash\nadmin_bank: HDFC\nadmin_branch_name: test\nadmin_account_number: \'0000000000000000\'\nadmin_ifsc_code: test\nbranch_name: Singapore\nadmin_account_holder_name: test\ntxid: test\nstate: \naasm_state: submitting\ncreated_at: 2018-09-07 17:03:41.000000000 Z\nupdated_at: 2018-09-07 17:03:41.000000000 Z\ndone_at: \nconfirmations: \ntype: Deposits::Bank\npayment_transaction_id: \ntxout: \nadmin_bank_account_id: \nswift_code: BNDNINCC\nadmin_swift_code: test\n','2018-09-07 17:04:21'),(21,'Deposit',5,'update','1','---\nid: 5\naccount_id: 22\nmember_id: 20\ncurrency: 1\namount: 10000.0\nfee: 0.0\nfund_uid: 3F1B54Qo1HxN6ascai362XxGkj4rmWZ45H\nfund_extra: HDFC\nifsc_code: GFDDGDD\naccount_holder_name: Ravikash\nadmin_bank: HDFC\nadmin_branch_name: test\nadmin_account_number: \'0000000000000000\'\nadmin_ifsc_code: test\nbranch_name: Singapore\nadmin_account_holder_name: test\ntxid: test\nstate: \naasm_state: submitted\ncreated_at: 2018-09-07 17:03:41.000000000 Z\nupdated_at: 2018-09-07 17:04:21.000000000 Z\ndone_at: \nconfirmations: \ntype: Deposits::Bank\npayment_transaction_id: \ntxout: \nadmin_bank_account_id: \nswift_code: BNDNINCC\nadmin_swift_code: test\n','2018-09-07 17:04:21'),(22,'Withdraw',2,'update','18','---\nid: 2\nsn: \'18091320580002\'\naccount_id: 8\nmember_id: 18\ncurrency: 1\namount: 477.6\nfee: 2.4\nfund_uid: 3F1B54Qo1HxN6ascai362XxGkj4rmWZ45H\nfund_extra: HDFC\nifsc_code: test\naccount_holder_name: test\nbranch_name: test\ncreated_at: 2018-09-13 20:58:36.000000000 Z\nupdated_at: 2018-09-13 20:58:36.000000000 Z\ndone_at: \ntxid: \naasm_state: submitting\nsum: 480.0\ntype: Withdraws::Bank\nadmin_bank: \nadmin_branch_name: \nadmin_account_number: \nadmin_ifsc_code: \nadmin_account_holder_name: \nadmin_bank_account_id: \nswift_code: test\nadmin_swift_code: \nrejection_reason: \n','2018-09-13 20:58:36'),(23,'Withdraw',2,'update',NULL,'---\nid: 2\nsn: \'18091320580002\'\naccount_id: 8\nmember_id: 18\ncurrency: 1\namount: 477.6\nfee: 2.4\nfund_uid: 3F1B54Qo1HxN6ascai362XxGkj4rmWZ45H\nfund_extra: HDFC\nifsc_code: test\naccount_holder_name: test\nbranch_name: test\ncreated_at: 2018-09-13 20:58:36.000000000 Z\nupdated_at: 2018-09-13 20:58:36.000000000 Z\ndone_at: \ntxid: \naasm_state: submitted\nsum: 480.0\ntype: Withdraws::Bank\nadmin_bank: \nadmin_branch_name: \nadmin_account_number: \nadmin_ifsc_code: \nadmin_account_holder_name: \nadmin_bank_account_id: \nswift_code: test\nadmin_swift_code: \nrejection_reason: \n','2018-09-13 20:58:41'),(24,'Deposit',6,'update',NULL,'---\nid: 6\naccount_id: 6\nmember_id: 1\ncurrency: 9\namount: 21.75\nfee: 0.0\nfund_uid: \nfund_extra: \nifsc_code: \naccount_holder_name: \nadmin_bank: \nadmin_branch_name: \nadmin_account_number: \nadmin_ifsc_code: \nbranch_name: \nadmin_account_holder_name: \ntxid: BAC3CD5234B54E8EBE4FF8F1EA4B518C57A3377547733A75C0E5F1278CB3A4E9\nstate: \naasm_state: submitting\ncreated_at: 2018-09-27 16:09:21.000000000 Z\nupdated_at: 2018-09-27 16:09:21.000000000 Z\ndone_at: \nconfirmations: \'2\'\ntype: Deposits::Xrp\npayment_transaction_id: 3\ntxout: 0\nadmin_bank_account_id: \nswift_code: \nadmin_swift_code: \n','2018-09-27 16:09:21'),(25,'Deposit',6,'update',NULL,'---\nid: 6\naccount_id: 6\nmember_id: 1\ncurrency: 9\namount: 21.75\nfee: 0.0\nfund_uid: \nfund_extra: \nifsc_code: \naccount_holder_name: \nadmin_bank: \nadmin_branch_name: \nadmin_account_number: \nadmin_ifsc_code: \nbranch_name: \nadmin_account_holder_name: \ntxid: BAC3CD5234B54E8EBE4FF8F1EA4B518C57A3377547733A75C0E5F1278CB3A4E9\nstate: \naasm_state: submitted\ncreated_at: 2018-09-27 16:09:21.000000000 Z\nupdated_at: 2018-09-27 16:09:21.000000000 Z\ndone_at: \nconfirmations: \'2\'\ntype: Deposits::Xrp\npayment_transaction_id: 3\ntxout: 0\nadmin_bank_account_id: \nswift_code: \nadmin_swift_code: \n','2018-09-27 16:09:24');
/*!40000 ALTER TABLE `versions` ENABLE KEYS */;
UNLOCK TABLES;

--
-- Table structure for table `withdraw_fees`
--

DROP TABLE IF EXISTS `withdraw_fees`;
/*!40101 SET @saved_cs_client     = @@character_set_client */;
/*!40101 SET character_set_client = utf8 */;
CREATE TABLE `withdraw_fees` (
  `id` int(11) NOT NULL AUTO_INCREMENT,
  `currency` int(11) DEFAULT NULL,
  `fee` decimal(32,16) DEFAULT NULL,
  `created_at` datetime DEFAULT NULL,
  `updated_at` datetime DEFAULT NULL,
  `min_withdraw` decimal(32,16) DEFAULT NULL,
  `max_withdraw` decimal(32,16) DEFAULT NULL,
  PRIMARY KEY (`id`)
) ENGINE=InnoDB AUTO_INCREMENT=8 DEFAULT CHARSET=utf8 COLLATE=utf8_unicode_ci;
/*!40101 SET character_set_client = @saved_cs_client */;

--
-- Dumping data for table `withdraw_fees`
--

LOCK TABLES `withdraw_fees` WRITE;
/*!40000 ALTER TABLE `withdraw_fees` DISABLE KEYS */;
INSERT INTO `withdraw_fees` VALUES (1,2,0.0005000000000000,'2018-05-07 12:49:20','2018-09-05 05:31:18',0.0010000000000000,50.0000000000000000),(2,3,0.0005000000000000,'2018-05-07 12:49:20','2018-06-21 09:53:49',0.0100000000000000,50.0000000000000000),(3,1,0.0050000000000000,'2018-05-07 12:49:20','2018-06-21 09:53:27',1.0000000000000000,50000.0000000000000000),(4,5,0.0005000000000000,'2018-05-07 12:49:20','2018-06-21 09:53:57',0.0100000000000000,50.0000000000000000),(5,6,0.0005000000000000,'2018-05-07 12:49:20','2018-06-21 09:54:05',0.0100000000000000,50.0000000000000000),(6,9,0.0007000000000000,'2018-05-07 12:49:20','2018-06-21 09:54:14',0.0100000000000000,50.0000000000000000),(7,12,0.0005000000000000,'2018-05-07 12:49:20','2018-06-21 09:54:20',0.0100000000000000,50.0000000000000000);
/*!40000 ALTER TABLE `withdraw_fees` ENABLE KEYS */;
UNLOCK TABLES;

--
-- Table structure for table `withdraws`
--

DROP TABLE IF EXISTS `withdraws`;
/*!40101 SET @saved_cs_client     = @@character_set_client */;
/*!40101 SET character_set_client = utf8 */;
CREATE TABLE `withdraws` (
  `id` int(11) NOT NULL AUTO_INCREMENT,
  `sn` varchar(255) COLLATE utf8_unicode_ci DEFAULT NULL,
  `account_id` int(11) DEFAULT NULL,
  `member_id` int(11) DEFAULT NULL,
  `currency` int(11) DEFAULT NULL,
  `amount` decimal(32,16) DEFAULT NULL,
  `fee` decimal(32,16) DEFAULT NULL,
  `fund_uid` varchar(255) COLLATE utf8_unicode_ci DEFAULT NULL,
  `fund_extra` varchar(255) COLLATE utf8_unicode_ci DEFAULT NULL,
  `ifsc_code` varchar(255) COLLATE utf8_unicode_ci DEFAULT NULL,
  `account_holder_name` varchar(255) COLLATE utf8_unicode_ci DEFAULT NULL,
  `branch_name` varchar(255) COLLATE utf8_unicode_ci DEFAULT NULL,
  `created_at` datetime DEFAULT NULL,
  `updated_at` datetime DEFAULT NULL,
  `done_at` datetime DEFAULT NULL,
  `txid` varchar(255) COLLATE utf8_unicode_ci DEFAULT NULL,
  `aasm_state` varchar(255) COLLATE utf8_unicode_ci DEFAULT NULL,
  `sum` decimal(32,16) NOT NULL DEFAULT '0.0000000000000000',
  `type` varchar(255) COLLATE utf8_unicode_ci DEFAULT NULL,
  `admin_bank` varchar(255) COLLATE utf8_unicode_ci DEFAULT NULL,
  `admin_branch_name` varchar(255) COLLATE utf8_unicode_ci DEFAULT NULL,
  `admin_account_number` varchar(255) COLLATE utf8_unicode_ci DEFAULT NULL,
  `admin_ifsc_code` varchar(255) COLLATE utf8_unicode_ci DEFAULT NULL,
  `admin_account_holder_name` varchar(255) COLLATE utf8_unicode_ci DEFAULT NULL,
  `admin_bank_account_id` int(11) DEFAULT NULL,
  `swift_code` varchar(255) COLLATE utf8_unicode_ci DEFAULT NULL,
  `admin_swift_code` varchar(255) COLLATE utf8_unicode_ci DEFAULT NULL,
  `rejection_reason` varchar(1000) COLLATE utf8_unicode_ci DEFAULT NULL,
  PRIMARY KEY (`id`)
) ENGINE=InnoDB AUTO_INCREMENT=3 DEFAULT CHARSET=utf8 COLLATE=utf8_unicode_ci;
/*!40101 SET character_set_client = @saved_cs_client */;

--
-- Dumping data for table `withdraws`
--

LOCK TABLES `withdraws` WRITE;
/*!40000 ALTER TABLE `withdraws` DISABLE KEYS */;
INSERT INTO `withdraws` VALUES (1,'18090505310001',9,18,2,0.0029985000000000,0.0000015000000000,'1Pm3NMZBbqXguJQR9e7CRDpuzB3choi2hC','MY BTC',NULL,NULL,NULL,'2018-09-05 05:31:53','2018-09-06 04:07:37',NULL,'5589d1e83ef6d70a2bd2ce835e9473d4fee737a7b16adbb4878da5c5c39ac24d','done',0.0030000000000000,'Withdraws::Satoshi',NULL,NULL,NULL,NULL,NULL,NULL,NULL,NULL,NULL),(2,'18091320580002',8,18,1,477.6000000000000000,2.4000000000000000,'3F1B54Qo1HxN6ascai362XxGkj4rmWZ45H','HDFC','test','test','test','2018-09-13 20:58:36','2018-09-13 20:58:41',NULL,NULL,'accepted',480.0000000000000000,'Withdraws::Bank',NULL,NULL,NULL,NULL,NULL,NULL,'test',NULL,NULL);
/*!40000 ALTER TABLE `withdraws` ENABLE KEYS */;
UNLOCK TABLES;
/*!40103 SET TIME_ZONE=@OLD_TIME_ZONE */;

/*!40101 SET SQL_MODE=@OLD_SQL_MODE */;
/*!40014 SET FOREIGN_KEY_CHECKS=@OLD_FOREIGN_KEY_CHECKS */;
/*!40014 SET UNIQUE_CHECKS=@OLD_UNIQUE_CHECKS */;
/*!40101 SET CHARACTER_SET_CLIENT=@OLD_CHARACTER_SET_CLIENT */;
/*!40101 SET CHARACTER_SET_RESULTS=@OLD_CHARACTER_SET_RESULTS */;
/*!40101 SET COLLATION_CONNECTION=@OLD_COLLATION_CONNECTION */;
/*!40111 SET SQL_NOTES=@OLD_SQL_NOTES */;

-- Dump completed on 2018-10-29  9:53:36
